,Churn_binary
3738,0
3151,0
4860,0
3867,0
3810,0
2666,0
2645,0
189,0
5767,0
2257,0
2641,0
6950,0
3938,0
2764,0
3113,0
2986,0
5427,0
328,0
11,0
4559,0
6271,0
6234,0
3741,0
6937,0
622,0
6969,1
1056,1
6491,1
2582,0
478,1
2935,0
1236,1
6321,1
2414,0
4805,0
785,1
577,0
5704,0
1201,0
5488,0
3253,0
7004,0
4392,0
4453,1
6780,0
2564,1
5338,0
3128,0
3887,1
4097,0
2652,0
6773,1
1118,0
645,1
3420,0
1797,0
6148,0
2320,0
6155,1
2823,0
6385,1
4437,0
4428,1
3716,1
2444,1
593,0
3511,0
2455,1
3214,0
5859,0
5442,0
288,1
6353,0
2399,0
2197,0
2487,0
6746,1
3402,1
3404,0
6812,0
4319,0
155,0
6941,0
4472,0
1489,0
1565,0
2189,0
1096,0
733,0
5840,0
4818,0
2085,1
6846,1
4095,0
6139,0
5786,0
6494,0
6808,0
1491,0
3457,0
3948,0
5229,1
282,0
5121,0
777,1
3218,0
1418,0
6437,0
4976,0
6891,0
3011,0
6009,1
1019,0
830,1
5993,0
6627,0
592,0
3931,0
2485,1
4163,0
5717,0
3868,1
6803,0
1426,0
3860,0
2247,0
2527,1
810,1
556,0
4889,0
4820,0
2936,0
1515,0
2304,0
2205,0
6944,0
3908,0
1032,1
6563,1
3552,0
5896,0
3101,0
2553,0
3567,1
5068,0
4019,1
3070,0
149,0
871,0
2833,0
2997,1
403,0
1265,0
948,1
641,1
4690,0
537,0
4536,1
6264,0
3521,0
6228,0
5287,0
3780,0
6048,1
1369,0
6809,1
465,0
1657,0
4700,0
3785,1
1465,0
1337,0
3563,0
835,0
763,0
6826,0
1002,0
6146,1
5511,0
690,0
393,0
1736,1
6688,0
2693,0
6576,0
3187,0
4432,0
6446,0
1870,0
3633,0
1428,1
5777,0
6031,0
4660,1
5864,0
2616,1
1969,0
1720,0
4909,0
2443,0
1682,0
4198,0
6003,0
2195,0
4409,0
4069,0
4484,0
6715,0
1102,1
3046,0
3383,1
1957,0
6456,0
4684,1
2782,0
3815,1
1263,1
6788,0
6971,1
3462,1
4200,0
5709,0
272,1
2147,0
6102,0
6618,0
2655,1
3683,0
2070,1
6831,1
5851,0
5825,1
5277,1
1097,1
6480,0
4842,1
4872,0
5963,0
931,0
4680,0
2749,0
5272,1
940,0
771,1
2671,0
1563,0
1490,0
2491,0
1266,0
3838,0
3646,0
3935,0
3246,1
5385,1
2482,0
6982,0
859,0
2388,0
3748,0
3581,0
1869,0
4788,0
1146,0
6124,0
736,0
1896,0
4357,0
4337,0
3745,1
3179,0
6806,0
5876,1
1950,1
5538,1
4978,1
6258,0
6100,1
5982,0
4429,0
5934,1
5097,0
6729,0
1205,1
295,0
2298,0
3298,0
4756,0
1988,1
2566,0
1483,0
3110,0
1423,1
4599,0
2295,1
1400,0
244,0
1879,1
5476,1
2546,0
2045,0
597,0
6613,0
105,0
2793,0
6630,0
5185,0
2078,0
1955,0
5161,0
60,0
4569,1
6297,0
5473,0
6224,0
4045,1
1722,0
1109,0
5714,1
2662,1
3768,0
4926,0
3811,0
439,0
1086,1
1710,0
6335,0
416,0
2572,0
3341,0
6635,0
246,0
6677,0
5046,0
6581,0
5600,1
1672,0
4908,1
3292,0
543,1
5517,0
2696,0
5707,0
4490,0
6513,0
3492,0
5424,0
6276,0
5155,0
2502,0
623,0
3976,1
4364,0
5397,1
5648,0
4718,0
682,0
6734,1
3586,1
3279,0
669,0
5992,1
4985,0
27,1
2538,0
5863,1
6801,0
3133,0
4709,0
5553,1
5616,0
3889,0
3681,1
6319,0
414,0
6873,0
6871,0
221,0
6554,1
3167,0
2108,0
1248,1
6890,0
7030,0
6717,1
2909,0
6214,0
4565,0
6905,0
5041,0
6471,0
4123,0
3073,0
5196,0
2163,1
2822,1
1536,0
1821,1
4780,0
3139,1
4504,0
982,0
5679,1
5325,0
718,0
1540,0
5611,0
7037,0
6724,1
2432,0
6394,0
3939,1
3259,0
5367,0
5608,0
1313,1
6177,1
5408,0
829,0
2991,0
2301,0
4921,0
6109,0
5087,0
5310,0
1704,1
874,0
3843,1
3709,0
5339,0
1169,0
2737,0
6521,0
1923,0
943,0
1827,0
4736,0
4790,0
2724,0
5264,0
5361,0
872,0
41,0
4574,0
2258,0
5351,1
6040,1
1077,1
4607,0
188,0
1028,1
4426,0
1941,0
972,0
1917,0
2193,0
6495,1
5238,0
4973,0
6274,0
5784,0
3673,1
5747,0
3904,0
357,0
3987,1
1228,0
3245,1
555,0
3156,0
2918,0
6632,1
5633,0
5622,1
2752,1
2903,0
1676,0
889,1
579,0
1945,0
833,0
1853,1
6411,0
1970,1
4584,0
4330,1
208,1
1641,0
2323,1
1572,1
5457,0
3557,0
4051,0
814,0
168,1
6934,0
1734,1
2152,0
4013,0
659,0
6527,1
3921,0
5486,0
6560,0
5957,1
6514,0
3566,0
4205,0
2192,0
2274,1
956,0
6064,1
6968,1
6094,0
3614,0
3730,1
740,0
5326,1
2188,0
2984,0
5401,0
3715,0
3399,0
6145,0
6236,0
2390,0
301,1
217,0
1904,1
2023,1
5584,1
7029,0
2232,0
4544,1
5677,0
3129,0
4735,0
5395,1
6122,0
3913,0
4902,0
1478,1
3012,0
4487,0
941,0
4550,0
4694,0
695,0
749,0
1702,1
4164,0
2579,0
5245,0
94,0
1528,0
1621,1
3397,0
2173,0
5768,0
873,1
2726,0
2542,0
3606,0
6848,0
2998,0
6728,0
1794,0
1339,1
4014,0
3855,0
5824,0
3153,0
6504,1
1808,1
5889,0
2886,0
4399,0
2256,0
61,0
6329,0
6370,1
5331,0
4813,0
4371,0
5349,0
6438,1
1000,1
716,0
1598,0
3361,0
1619,0
33,0
5482,1
1694,1
273,0
2265,1
6578,0
613,0
5559,0
3390,0
6313,1
1725,0
2639,1
5199,0
5490,0
2069,1
4072,0
1411,0
5315,1
5964,0
4034,0
6667,1
380,0
4213,1
2393,1
2811,0
4541,1
7027,0
1485,1
6311,0
3582,0
607,0
6422,0
4085,0
6414,0
5984,1
6025,0
5303,0
696,0
6640,0
1638,0
1394,0
5817,1
799,1
4592,0
4646,0
5432,1
6290,1
6085,1
1121,0
4370,0
6981,0
5810,1
4935,0
4942,1
1614,0
3945,1
6487,0
6596,0
1994,0
6739,0
3774,0
441,0
5178,0
2439,0
3451,0
3274,0
5989,1
3789,0
5841,1
850,0
3583,0
6056,0
6600,1
5485,0
1587,0
2762,0
5334,1
1721,1
3147,0
5346,0
5323,0
190,0
1431,0
3148,0
1487,0
3177,0
930,0
7028,0
845,0
3190,0
1159,1
193,0
6672,0
2434,0
2039,1
2584,0
3576,0
5720,0
2307,0
3417,0
1376,1
7019,0
942,0
5885,0
3981,0
5241,0
4228,1
5766,0
4950,1
6014,0
2321,0
1692,0
1609,0
4866,0
5570,0
3501,0
2311,0
4642,1
3835,0
4507,0
766,0
1063,0
2277,1
6330,0
3358,0
2867,0
5603,1
4117,0
5500,0
263,0
6661,0
5552,0
1589,0
4647,0
3765,0
4313,0
6829,0
5479,0
1160,0
6815,0
2904,1
4897,0
1152,0
5576,1
826,1
6892,0
6913,0
638,1
4446,1
4324,0
6474,0
5541,1
2745,1
1884,0
1874,0
5437,1
1516,0
3791,0
5017,0
207,1
4081,1
6204,0
2638,1
279,0
1902,0
6079,0
5142,0
4127,0
4597,1
790,0
1865,0
782,0
6225,0
3602,0
3830,1
6282,0
2404,0
332,0
2127,1
226,0
1287,0
6047,0
1139,0
5038,0
1709,0
6173,0
6420,0
2504,1
4769,0
2959,0
1778,0
2989,0
6896,1
1415,0
4252,0
6760,1
6933,1
5015,0
4726,0
6566,0
4716,0
2287,1
5169,0
6799,0
2062,0
1645,1
6888,0
3302,1
387,0
2707,1
343,0
4880,0
976,1
5335,0
769,0
6928,0
3653,0
5606,0
3425,0
5995,0
2131,0
2837,1
1822,1
973,1
2419,0
6055,0
6744,0
6217,0
3364,1
6670,0
4681,1
2370,0
3226,0
883,0
6869,1
3954,0
3471,0
2270,1
4173,0
5665,0
903,0
4150,0
2371,0
3817,0
1787,0
525,0
2368,0
3621,1
4916,0
4282,0
1863,0
4620,0
2191,1
2790,1
3089,0
6660,1
2975,0
3668,0
5429,0
2252,0
6281,0
2917,0
3503,0
3310,1
6878,1
4851,1
500,0
6254,0
355,1
2317,0
6116,0
2344,0
719,0
1500,0
15,0
6260,0
5162,0
3143,0
271,0
632,0
6828,0
3077,0
4207,0
5085,0
1100,0
4060,0
6247,0
6703,1
1643,0
4628,0
2342,0
6565,0
382,0
222,0
2396,0
6531,0
1323,0
2952,0
6802,0
2974,1
3366,0
5439,1
5799,1
2825,0
1110,0
2105,1
4850,0
3193,0
6151,1
5154,1
5792,1
3866,0
722,1
80,1
1352,0
4609,0
5159,0
867,0
2348,0
1408,0
570,0
3752,0
54,0
4910,1
1673,1
3434,0
3326,1
6673,0
2525,0
5448,0
3209,1
3097,0
26,1
238,1
3258,0
1272,0
2626,0
3106,0
2625,0
4874,1
3418,0
1632,1
3325,1
5071,0
574,0
742,1
4176,0
1949,0
6816,1
5109,0
1433,0
6947,0
5985,0
6861,1
6451,0
1404,0
2589,1
1330,0
4844,0
6364,0
5130,1
1743,0
2285,1
6242,0
4288,1
4621,0
30,0
2824,0
6312,1
5907,0
3072,0
6026,0
673,0
5917,0
1298,0
1164,0
811,1
2514,1
1537,0
2133,1
120,0
3861,0
66,0
6775,0
6978,0
369,0
684,0
3277,0
1202,1
5650,0
4837,1
466,0
2384,0
4424,1
6168,1
2208,1
1826,0
6029,0
4796,0
1502,0
1928,1
2025,0
4535,1
6424,1
2400,0
5,1
6704,0
4548,1
4998,0
5498,1
4901,1
5733,0
1430,0
3456,0
860,0
5445,0
1559,0
3943,0
3827,0
5014,0
1149,1
1810,0
3952,0
6990,0
5805,0
4830,0
1678,0
6472,0
2889,0
5327,0
6400,0
4659,0
4861,0
4663,1
727,0
4168,0
6957,0
585,1
292,0
6774,0
6653,0
2024,0
932,0
474,1
6306,0
6575,0
6771,0
803,0
3026,1
2574,1
4055,0
1131,1
4707,0
2159,0
6000,0
1723,0
5282,1
6836,1
5640,1
1064,0
3267,0
3183,1
4534,0
4972,0
162,0
6842,0
5403,0
3947,0
5983,0
5931,1
6165,0
1357,0
1454,0
6072,0
4757,1
3051,0
5209,0
1386,0
4041,0
2571,0
4701,0
815,0
3165,0
3213,0
4066,0
6536,0
3983,1
3406,0
5230,0
4101,0
4938,1
4936,0
1078,0
327,1
4891,0
3477,0
6532,0
5961,0
6352,0
3555,1
2049,0
2733,0
1759,0
3849,1
6092,0
5440,0
2281,1
3229,1
5307,0
6498,1
5703,0
6061,0
3384,1
7038,0
3168,0
4302,0
5848,0
6218,0
6278,0
3469,0
1027,0
4009,0
2515,0
4159,0
3865,0
3284,0
4007,0
3809,0
5221,0
2813,0
3319,1
4929,0
1997,0
6333,1
6956,0
6077,0
3959,0
4465,0
1475,0
4948,0
4509,1
2794,0
5184,0
921,0
5240,0
5549,1
1647,1
3618,0
2536,1
1943,0
1545,0
4980,0
452,0
4012,1
2973,1
1129,0
5794,0
5322,0
3349,1
3409,0
2035,0
5821,0
1170,0
2380,0
6798,0
1365,1
5919,0
2484,0
3778,0
4016,0
1374,0
6548,0
2041,0
3300,0
4306,0
774,1
5463,1
4920,0
3410,1
5247,1
5289,0
5580,0
2838,0
1625,1
569,0
1147,0
3779,1
5258,1
4717,0
4463,1
5813,0
2716,0
6430,0
2996,0
2618,0
6359,0
723,1
4518,1
2656,0
2001,0
4804,0
4924,1
4575,0
923,0
5182,0
6930,1
178,0
6966,0
6205,1
1322,0
2106,0
136,0
3588,0
2166,0
2920,0
2238,0
530,0
1378,0
691,0
3520,0
3974,0
1210,1
971,0
4764,1
5111,1
6488,1
5313,0
5435,0
3023,0
4675,1
4062,1
4885,0
3191,0
6547,0
3775,1
4763,0
2610,1
309,0
4279,0
3570,0
4404,0
5687,0
6256,1
1341,1
5763,0
6767,0
6814,0
5436,0
3662,1
6626,1
490,0
4321,0
3626,0
2531,0
1409,0
4413,1
1569,0
5564,0
6166,1
2060,0
397,1
1603,1
640,0
3880,0
2462,0
2583,0
5779,1
591,0
5973,0
1724,0
3937,0
2302,0
4775,1
2803,0
3530,0
7015,0
289,1
2271,0
4342,0
1871,0
6714,0
443,0
6320,0
4025,1
2864,0
2033,1
6045,0
5930,0
5695,0
6663,0
2182,0
1498,1
5596,0
6927,0
914,0
6915,0
3605,0
1499,0
599,0
1623,0
6738,0
3095,0
280,0
1107,0
1930,0
2972,0
3169,0
6669,0
209,0
1353,0
8,1
4222,0
839,0
3078,1
4816,0
3603,1
4397,0
4315,1
5900,1
6275,0
1315,0
6376,0
1864,0
2044,0
4677,1
2289,0
3426,1
1539,0
2768,0
1833,0
4685,0
1915,0
506,0
4945,0
5434,0
3115,1
84,0
1532,0
4703,1
462,1
6526,1
3391,0
2454,0
5977,0
3506,0
1823,1
5699,0
5295,0
2446,1
1278,0
4339,0
1911,0
2431,1
4219,0
2703,1
4247,0
4829,0
2325,0
4417,1
411,0
612,0
6684,0
372,0
5254,0
5849,0
3206,0
2073,0
5752,0
5164,0
4619,1
1186,0
5489,0
2537,0
824,0
2698,0
2606,0
6074,1
5673,0
1876,0
6019,0
3414,0
133,1
908,0
2520,0
5496,0
6823,0
2938,0
4316,0
6249,0
3210,0
2093,0
5007,0
3423,1
1087,0
838,0
25,0
2780,1
5190,0
1405,1
4519,0
1165,0
2379,1
5096,0
3290,0
6078,0
6325,1
1270,0
2781,0
4610,1
1257,0
5354,0
2450,0
3795,0
5188,0
3820,0
3035,0
119,0
6216,0
1335,1
5820,0
4116,0
6410,0
6766,0
2676,0
3746,1
6844,0
5516,1
1306,1
6893,1
4618,0
4244,0
5228,0
5724,1
3164,0
3495,1
4285,0
5626,0
1524,0
1317,0
158,0
2196,0
2621,0
379,0
3929,0
3435,0
1613,0
3891,0
2757,0
7026,1
5387,0
442,0
2112,0
3782,0
2389,0
3221,0
2598,0
5421,0
4731,0
4044,0
1789,0
1582,0
706,0
5070,1
536,0
6042,0
4214,1
1799,1
2366,1
5555,0
4814,1
1907,0
4878,0
4729,0
3642,0
2940,1
2283,1
4583,0
2809,0
6255,0
5962,0
5638,1
3705,0
818,1
511,0
6606,1
5336,0
1796,0
2682,1
6517,0
6475,0
1222,0
1217,0
3272,1
6943,1
2712,0
2267,0
6512,0
5124,0
3615,1
4962,0
5856,0
854,0
197,0
2433,0
5136,0
2642,1
398,0
2186,0
6935,0
2090,0
210,1
651,1
2272,0
918,0
169,0
4699,0
3037,0
1048,0
3080,0
4688,0
6759,0
7031,0
3562,1
3120,0
1951,0
3345,0
3096,0
5574,0
5176,0
1675,1
5061,0
1020,0
5063,1
5216,1
5290,0
1140,0
5563,0
2540,0
5946,1
4617,0
2605,0
4990,0
4789,1
1642,0
3575,0
4612,0
589,0
689,0
5104,0
4071,0
4807,0
5800,0
5829,0
3558,0
4890,0
878,0
3029,1
2534,0
5464,0
2836,0
6819,1
5036,1
5847,0
6507,1
2051,0
5644,1
1649,0
5713,0
4138,1
3269,0
5630,1
4125,0
4027,1
3353,0
460,0
3199,0
2332,0
1269,0
6559,0
3173,0
5045,0
6687,1
5682,0
2300,1
5244,0
4582,0
3260,1
6065,0
698,0
2722,0
557,0
3698,0
2416,0
3500,0
6859,0
2418,0
2067,0
1312,0
4514,0
6784,0
5378,0
1968,0
2415,1
5646,1
7006,1
5223,0
6035,1
2929,0
6567,0
2883,0
1579,1
6170,0
6569,0
4118,0
2177,0
3580,1
953,0
1252,0
2643,1
5936,0
2632,0
3278,0
4787,0
3108,0
5060,0
1976,1
4939,0
762,1
2817,0
4462,1
5557,0
5051,0
5757,0
1748,0
2977,0
1457,0
7042,0
5937,1
827,0
6030,1
2215,0
890,0
590,0
793,0
5042,0
1555,1
776,0
5556,1
3130,0
6862,1
3572,0
6059,0
6686,0
445,1
5952,0
5158,0
5942,1
2382,0
5376,0
2240,0
5529,0
2597,0
2209,0
140,0
565,0
4888,0
2456,0
887,0
5656,0
1382,0
3926,0
2948,1
3997,0
2896,0
1979,0
3739,0
6226,0
3631,1
2063,0
3008,0
2406,1
2352,0
1510,0
5413,0
1344,0
1089,0
6476,0
5208,0
4427,0
6093,0
2408,0
2471,1
435,0
5542,0
3735,0
329,0
6953,1
17,0
429,0
3468,0
5466,0
6052,0
6296,0
2251,0
3009,0
4662,0
2309,0
1262,0
6790,0
89,0
946,0
6693,0
6940,0
5734,0
3594,0
5350,0
3033,0
2979,0
644,0
4011,0
5893,0
5666,0
1795,1
182,1
5979,0
4957,0
419,1
1972,0
2966,0
2430,0
792,0
1741,0
4050,0
463,1
6215,1
1034,0
3509,0
5126,0
2096,1
5712,0
3094,0
2068,0
385,1
3289,0
6818,0
1091,0
6203,0
1856,1
3958,1
5305,0
5391,0
2331,0
5759,1
5153,0
4601,0
2288,0
264,0
2276,0
681,0
4035,0
937,1
6083,0
6213,0
2026,0
679,0
548,0
3894,0
5165,1
6625,1
5260,0
947,0
4374,0
5213,0
4477,0
6238,0
215,0
3124,0
3370,0
6952,1
3232,0
291,0
1350,0
4075,0
4656,0
78,0
4347,0
2230,0
6515,1
433,1
4974,1
2465,1
1058,1
6997,0
386,1
5634,1
1447,1
5152,0
5089,0
2264,0
6813,1
1627,0
248,1
2084,1
2095,1
5145,0
4644,0
1226,0
4310,0
3263,0
4587,0
3020,0
6506,1
5456,1
4153,0
4485,0
6135,0
181,0
6310,0
5286,1
3100,0
3040,1
5895,0
2327,0
5210,1
3146,1
7022,0
2445,0
2449,0
3886,0
1744,0
6675,0
326,0
5365,0
4857,0
5095,0
6573,0
5769,0
5186,1
4080,0
4298,0
2734,0
1354,1
3734,0
1633,0
529,0
1372,0
3438,1
728,1
179,0
1828,0
3666,1
6825,0
6590,1
4195,0
5654,0
2644,1
665,0
1553,0
3825,0
1111,1
104,1
4988,0
381,1
16,0
6068,1
3013,0
2891,1
1965,1
4714,0
4949,1
6349,0
6484,0
1803,0
4946,1
1233,0
4634,0
245,0
1769,0
739,0
1850,0
3280,0
1663,1
6118,0
1735,0
6382,0
6694,0
4682,1
5910,0
6431,0
1137,0
2744,0
1393,0
5697,1
2945,0
1373,0
424,0
3281,0
1894,0
3445,0
2844,1
6398,1
5417,0
2355,0
5605,0
3729,0
6357,1
2775,1
4454,0
23,0
3771,1
59,0
5321,0
4384,1
851,0
2528,1
628,0
1737,0
5467,0
2249,0
5939,0
4564,1
6316,0
2175,1
3754,0
4243,0
5918,0
1831,0
206,0
6128,0
4031,0
2667,0
6870,0
3617,1
5731,0
2104,1
4311,1
2398,0
4129,0
3993,0
3635,0
4883,1
6152,1
2100,0
5843,0
3601,0
5915,0
334,1
2980,0
6041,0
1358,0
5807,0
131,1
4191,0
6358,0
1597,0
2947,0
4414,0
1832,1
5491,0
3149,0
6912,0
6066,1
5599,1
5741,1
5494,1
513,0
3877,1
539,0
5382,0
3336,0
2799,0
6708,1
5010,0
5971,0
4261,0
5521,0
2730,0
1785,0
4798,0
5454,1
5425,0
1711,0
5233,1
4368,1
6408,1
3054,0
1918,0
5502,1
1042,0
5938,0
3429,0
2953,1
3268,0
3181,0
144,0
331,0
663,0
3717,0
6337,0
6272,0
5117,0
3589,0
1898,1
5353,0
1221,0
1977,0
4793,0
5125,1
3919,1
4380,0
3770,0
491,0
3494,1
4003,0
6007,0
2770,1
4331,0
6262,0
2987,0
6374,0
1712,0
2346,0
6833,0
3351,1
6962,1
2497,0
5193,0
6131,1
3447,0
841,0
5783,1
5527,0
5873,0
4637,0
4346,0
28,0
486,0
4822,0
2786,0
2378,1
5031,0
2958,0
286,0
3828,0
3499,1
5112,1
307,0
3042,1
1013,0
6643,0
6868,1
4203,0
1173,1
2141,0
6865,0
4876,1
422,0
5306,1
540,0
6283,1
2242,0
5994,1
6849,0
2056,0
1049,1
5026,0
6036,0
1473,1
2134,0
1235,0
3257,0
3467,1
1180,0
6252,0
4238,0
5641,0
4190,1
6518,1
5278,0
1,0
3750,0
2654,1
2876,0
5657,0
4367,0
4053,0
6926,1
6417,1
734,0
2269,1
4928,1
3039,0
1862,0
4468,1
227,1
43,0
1984,1
1508,0
5128,0
6154,0
6617,0
765,0
5735,0
2481,0
4762,0
3996,0
3017,0
3405,0
6171,0
3062,0
3826,0
1203,0
6692,0
410,1
5808,0
6186,1
6113,0
3688,0
6002,1
1591,0
3266,0
2660,0
4615,0
4931,0
875,0
37,0
127,0
6407,0
5004,0
6004,0
2121,0
5426,0
877,0
3028,1
1839,0
1191,0
269,0
5129,0
2110,0
4927,0
862,1
4715,0
1529,0
3766,1
5764,0
2562,0
5348,0
3318,1
1784,1
1363,0
5537,0
4833,0
2354,0
1919,1
299,1
2969,0
5069,1
5160,0
3942,1
3387,0
731,0
1015,1
840,1
2002,0
3497,0
1683,0
5079,0
4276,1
4133,0
5834,0
456,0
3773,1
3989,0
2512,0
1220,0
3676,0
3038,0
1929,0
1225,1
509,0
778,0
5711,1
3225,0
2223,1
4774,0
624,1
417,0
2151,0
7018,1
2801,0
6327,0
5929,0
4177,0
2532,0
5025,0
629,1
3930,0
4376,0
194,0
1556,1
2203,0
6736,0
2586,0
5868,0
3348,0
2236,0
3255,0
2912,0
586,0
837,1
6188,0
1964,0
1039,1
566,0
6510,0
2633,0
6589,0
6483,0
801,1
3436,0
159,0
6817,0
1047,0
235,1
606,0
3393,0
1142,0
2260,1
5497,1
3032,0
3027,0
2183,0
2815,1
3322,1
5548,0
1320,0
4457,0
4068,0
1530,1
4754,0
767,0
1779,0
5246,1
4278,0
3696,1
6914,1
1307,0
1575,1
6857,0
1065,1
6482,1
2250,0
3538,0
5032,0
1249,1
4529,0
2111,0
3784,1
2261,0
6553,0
5314,0
5874,1
2787,0
6543,0
3846,0
532,0
13,1
3518,0
3597,0
5195,0
6406,0
3692,0
4395,1
6103,0
934,0
96,0
2934,0
5138,0
5276,0
2717,0
285,0
5519,0
5558,0
2715,0
173,1
1274,0
969,1
1986,0
3479,1
4391,0
1940,0
2006,1
118,0
4848,1
31,0
5879,0
1816,0
3176,0
6886,1
4839,1
4738,1
3888,1
1122,1
5059,1
5054,0
4000,0
5134,1
1527,0
5911,0
4987,0
4073,1
1920,0
4155,0
5903,0
3571,0
68,0
3718,0
6689,0
1493,0
6903,0
915,1
5471,0
174,0
186,0
5754,0
4964,1
1072,0
5508,0
4595,0
1899,0
1255,1
2358,0
1190,0
1562,0
6211,1
361,0
2882,0
3184,0
2436,0
6572,0
870,0
6975,0
6839,1
2846,0
6793,0
294,0
253,0
6257,1
5226,0
6616,1
5988,0
6285,0
3328,0
4751,1
5147,0
4698,1
5040,0
6876,0
3821,1
5534,0
3756,1
6851,0
5737,0
4727,0
1947,0
6938,0
5870,1
5009,0
5024,0
6629,0
6350,0
5998,0
4482,1
754,0
6497,0
5981,0
2501,0
2795,1
664,0
4672,0
3198,0
1375,0
2619,1
5582,0
5359,1
4334,0
2552,0
4759,1
3367,0
1196,0
5708,0
6298,0
5131,1
5702,1
3019,1
3732,0
6141,1
109,0
4058,1
538,0
4182,1
3634,0
5011,0
3025,0
2120,0
2507,0
6929,0
2756,1
241,0
2020,0
6583,0
1714,0
6172,1
117,1
817,0
6792,1
4401,0
232,1
3684,0
1125,1
3685,0
5455,0
1429,0
4309,0
3984,0
2530,0
4156,0
1746,0
5330,1
252,1
4467,0
6221,0
3355,0
4167,0
4263,0
470,0
3315,0
4269,1
2951,0
4188,1
3972,0
3998,0
3138,1
6961,1
6470,0
847,0
3933,0
2410,0
71,0
1145,0
3917,1
3205,0
804,1
2814,0
1971,0
5827,0
5832,1
1349,0
233,0
619,0
1932,0
77,0
6241,1
2123,0
4089,1
4335,0
1859,1
5267,0
6117,0
4064,0
5947,1
5814,0
3388,0
720,0
1482,0
2245,0
5438,1
3925,0
3052,0
1757,0
1684,0
2694,0
6699,0
4940,0
572,0
813,0
3157,1
1681,0
6197,1
3222,0
7014,0
5342,1
643,0
6923,0
1620,0
4613,1
4090,0
2587,0
5771,0
2103,0
3733,0
2750,0
2007,1
1937,0
99,1
6379,1
3659,0
3622,0
6619,0
6464,0
1456,1
4294,0
1356,0
5861,0
6989,0
2492,1
3872,0
764,0
1905,0
1981,1
3833,0
6279,0
2613,1
885,0
994,0
1868,0
1138,0
1671,0
1765,0
4954,1
2746,0
6706,0
3839,0
2906,0
2635,0
4783,0
2887,1
2336,1
2557,0
6338,0
4778,0
2475,0
415,0
4020,0
4130,0
4555,0
330,0
1360,1
4180,1
911,0
2858,0
5171,0
2395,0
5504,1
1309,1
2738,0
4169,1
1336,0
5411,1
79,0
1066,0
4361,0
3307,0
1342,0
4547,0
1406,0
3180,0
604,0
6980,1
6323,0
1666,0
3747,0
2009,0
6607,1
4447,0
6183,0
6361,0
1112,0
6176,1
6193,0
4834,0
2668,1
2119,0
1701,1
298,0
2614,1
1531,0
4734,1
5116,1
1419,0
6516,1
534,1
2777,0
1561,1
2937,0
3343,0
2595,0
6524,1
5072,0
3352,1
1167,0
1368,0
2683,1
5141,0
6054,1
2016,1
561,0
6486,1
3428,1
2592,0
205,0
5058,0
1767,0
1325,1
251,1
1501,0
6702,0
103,0
2470,0
616,0
1215,1
3657,0
3304,0
5526,0
3144,0
4522,0
4196,0
3015,0
738,0
5170,0
4356,0
6462,1
6958,0
2692,0
1931,0
5869,0
4553,0
5420,0
987,0
2437,0
1061,0
6770,0
4517,1
418,1
3639,0
5913,0
1469,1
1176,1
5383,1
789,0
3977,0
6920,0
1486,1
6269,0
1574,0
1085,1
243,0
6545,1
4952,0
5746,1
480,0
1281,0
6666,0
6243,0
6086,0
5684,1
2878,0
4903,1
6305,1
1732,0
6496,1
4604,0
1719,0
1752,0
504,0
6402,0
6651,0
293,0
5358,0
6591,1
5823,0
3238,0
5146,0
6336,0
6095,0
4719,1
4806,0
5855,0
3842,0
646,1
2091,0
2314,0
3016,1
3422,0
909,0
1324,1
1669,0
6307,0
2122,0
427,0
3924,1
2003,1
3195,0
2939,1
1224,1
6983,0
5056,0
3592,1
4407,0
757,0
6555,0
2960,1
6450,0
3135,1
550,0
3714,0
4739,0
1982,0
2158,0
5396,0
2030,0
3061,1
6723,0
2551,0
3893,0
1677,0
672,1
6737,0
4922,0
5969,0
3561,1
879,0
4993,0
242,0
3256,0
6925,0
3613,0
1927,1
3994,1
6499,0
2474,0
2146,0
4378,0
5206,0
6062,0
2169,0
6594,0
2402,0
200,0
5632,0
1068,1
4189,0
1599,0
1938,0
3607,0
6001,0
2000,0
143,0
4643,0
2401,0
2916,0
5645,0
5883,0
3136,1
2854,0
107,0
4110,0
3030,1
2113,0
1916,1
2213,0
3625,0
2706,1
611,1
4024,0
364,0
6195,1
4917,0
6250,0
4706,1
5450,1
4970,0
4048,0
1668,0
4937,0
391,0
6380,0
464,0
3308,0
999,0
1396,1
6341,1
751,0
2116,1
2392,0
4479,0
4360,0
3577,1
4326,1
3241,1
3645,0
5525,0
430,1
2010,1
2128,0
3378,0
6797,0
6762,1
1238,1
3569,0
3724,0
345,0
2778,0
5374,1
3356,1
633,0
6508,1
4236,0
1612,1
2360,0
2365,0
2866,0
6615,0
6719,0
4354,0
6697,0
5904,0
5273,0
6049,0
7021,1
5651,1
1327,1
1503,0
2611,1
6580,0
6856,0
1181,1
3337,0
3093,0
2802,1
2149,0
3385,1
5428,1
5495,1
6277,1
6520,1
2297,1
4841,0
2306,0
3879,1
1094,0
5062,1
3556,0
2872,0
1172,0
4777,0
4043,0
6620,1
3189,0
4591,0
421,0
1811,0
1908,0
916,0
1052,0
5602,0
2560,1
1773,0
3137,0
6691,0
4616,0
1024,0
1459,0
4135,0
6439,0
35,0
167,0
2862,1
2037,0
756,0
636,0
2955,1
3595,1
3859,0
4005,1
780,0
2316,0
4771,1
29,1
48,0
3475,0
6800,1
6636,0
1476,0
4858,0
5304,0
4720,0
5296,0
296,0
3389,0
3671,1
2863,0
1005,0
1185,1
4497,0
1835,0
4827,1
2461,0
858,0
705,1
367,0
1521,0
1319,1
3276,1
5816,0
2657,0
1229,0
2689,0
6090,0
22,1
4918,0
2438,1
6196,0
3161,0
4181,0
5114,0
2403,0
6772,1
4074,1
1636,0
5064,1
1882,0
1301,0
2812,1
6895,0
5366,0
2312,0
677,1
146,0
4396,1
583,0
6461,0
1256,0
6604,0
3250,0
3808,0
1960,0
1944,1
4445,0
5099,1
2637,0
448,0
2761,1
693,1
1522,1
4489,0
4712,0
2607,1
82,1
6119,0
274,1
5368,1
1914,0
1223,1
3444,0
928,0
6266,1
901,1
1809,1
5696,1
6163,0
1886,0
1872,0
4538,1
6751,0
2861,1
4059,1
1742,1
1450,0
6960,0
5750,1
141,1
3643,0
4515,0
5683,1
6039,1
4459,1
1542,0
4435,0
6646,0
6046,0
5224,0
3813,0
5088,0
5073,0
1095,0
5892,0
1080,0
5053,0
5416,0
2094,0
6996,1
3140,0
1359,1
2708,1
459,0
4566,0
6295,0
261,1
6106,1
4655,0
1936,0
446,1
3309,0
2658,0
3699,0
6768,0
4363,0
2941,0
1616,0
2284,0
3608,1
808,1
5192,0
4344,0
6742,0
3722,0
575,0
1511,0
2852,0
2347,0
3074,0
2994,0
2628,0
2713,0
2839,0
1817,0
4631,1
4562,0
5481,1
1800,0
1594,0
5726,0
270,1
2739,0
7005,0
3338,1
1983,0
2495,0
2469,0
3321,0
7017,0
3082,0
1437,0
823,0
2901,0
3832,0
4293,1
952,0
6395,1
1198,0
220,1
759,0
2345,0
1195,0
4111,0
1200,0
3758,0
755,1
2153,0
1361,1
3382,0
3655,0
6200,0
2575,0
4122,0
2394,0
39,1
2843,0
6750,0
553,0
81,0
3980,1
56,0
5935,0
4503,1
2477,0
668,1
1230,0
4772,0
1934,1
4606,0
4956,1
3125,0
1271,0
1101,0
4338,0
2677,1
5461,0
3116,0
4941,1
5477,0
1814,0
2808,0
748,0
906,0
2065,0
1754,0
3923,1
4115,0
6756,0
2599,0
1526,0
4767,0
6334,0
5384,0
1060,0
1880,1
3022,0
707,0
114,0
5565,1
4539,1
2500,0
5005,1
5591,1
1132,1
2441,0
1041,0
1786,1
4107,0
3243,0
662,0
4260,0
1407,0
1745,0
836,0
432,0
4146,1
2273,0
2971,0
938,0
855,1
2114,0
2518,0
2032,1
6432,0
1364,0
1581,0
395,0
2218,0
2591,0
687,1
1550,0
1715,0
732,0
2549,0
6858,1
4174,1
4645,1
239,0
1012,0
1243,1
2732,0
319,0
5431,0
75,0
6758,0
2017,0
1051,0
635,1
2076,0
2741,1
6700,0
3481,0
1069,0
6911,0
1413,0
2291,1
400,0
5685,0
4825,0
4421,0
3858,0
2496,0
3551,1
6134,0
5941,0
2315,0
6033,1
4042,0
2842,0
5332,0
6129,0
124,0
4968,0
5550,0
1866,0
1208,1
4262,1
6795,0
5922,0
4641,0
3610,1
6082,1
339,1
4944,0
3219,0
3053,0
4091,0
6863,0
6897,0
1449,0
1966,0
787,0
5292,0
5443,0
2751,0
5324,0
4590,0
3963,0
1425,0
6044,0
5790,0
214,0
1463,1
6442,0
86,0
3248,1
6807,0
639,1
3086,0
6123,0
648,1
3950,1
1090,0
198,0
204,0
3757,0
2725,0
2922,1
6020,0
6418,0
4172,0
1384,1
4746,1
1300,0
3490,1
2117,0
5887,0
3421,0
2661,0
2494,1
957,0
5018,0
846,0
1213,0
5875,0
317,1
5658,0
2387,0
2185,1
211,0
3433,0
1921,0
3092,1
1679,0
4520,1
3599,0
4578,0
3265,1
6130,0
3407,0
713,0
4303,0
4295,0
2578,1
6368,1
2895,0
729,0
1148,1
2385,0
4002,0
436,0
4679,0
6791,1
2563,1
121,0
5446,1
1925,0
926,1
3066,0
1771,1
2893,1
4649,0
4882,0
5932,1
4797,0
2061,1
5739,0
6877,1
1479,0
1717,0
5945,0
781,0
5667,0
547,0
6126,1
4102,0
6769,0
1858,1
1670,1
4966,0
2956,0
1163,1
6427,0
1183,0
6169,1
4217,0
2859,0
6444,1
3299,0
5901,1
88,0
2905,0
3131,0
4451,0
6032,1
5441,1
1962,0
2008,1
6096,0
5663,0
6860,1
1877,0
3502,0
148,0
1103,0
1362,1
6936,1
6830,0
1713,0
5028,0
3854,0
3531,0
3286,1
3920,0
1268,1
2228,0
3132,0
425,0
6038,1
4846,0
6013,0
137,0
2548,0
1367,0
5872,1
6280,0
1211,1
4366,0
370,0
5055,0
3347,0
2214,1
5948,0
2057,1
549,0
2594,0
6229,0
1547,1
5251,1
2985,0
1974,1
5284,1
67,0
5312,1
5318,0
2376,0
4381,1
6835,0
5579,1
2617,1
725,0
2723,0
3323,0
520,0
6452,0
6012,1
4836,0
3403,0
6597,1
3674,1
4905,0
4431,0
2736,0
3275,0
5802,0
2427,1
5674,0
897,0
3301,1
1246,0
5762,0
5862,0
4292,1
5047,0
1075,0
4063,1
2353,0
50,0
4494,0
5698,1
3620,0
2804,1
2171,0
3660,0
2031,0
3916,0
5604,0
6405,0
468,0
856,0
6682,0
4893,1
5474,0
2870,0
2200,0
6676,0
1293,0
773,1
2324,1
2115,0
3927,1
6099,0
2535,0
5546,0
4204,0
5309,0
869,0
1655,1
3262,1
3075,0
5191,0
1055,0
6347,0
5958,0
5123,1
6326,0
151,1
508,1
234,0
467,0
5890,0
1178,1
4999,0
2890,1
6710,0
1390,0
3612,0
5197,0
562,0
4558,1
2679,1
4811,1
2038,1
6755,0
5772,0
2322,0
1251,1
4510,0
3063,0
172,0
1651,1
1355,0
6546,0
4561,0
1650,1
4086,0
1283,0
6441,0
5180,0
3045,0
477,0
3819,0
6351,1
1328,0
6021,0
4493,0
1017,0
6222,0
323,0
2339,1
3204,0
2413,0
2135,0
5084,0
166,1
7010,1
6150,0
6087,0
4854,0
6787,0
3295,0
1495,0
3962,1
6664,0
3379,0
6067,0
1197,0
6288,0
2050,0
3786,0
4209,0
1622,0
2013,0
1967,1
1922,0
5590,0
1422,0
998,0
134,1
2087,1
3800,0
5774,0
857,1
3772,1
6789,1
3450,0
6671,0
224,0
2374,0
5688,0
6668,0
2766,0
3527,1
365,1
2995,0
6916,0
3004,1
5518,1
3611,0
2178,0
5742,0
2442,1
614,0
594,0
5532,0
515,1
4131,1
6162,0
2198,0
1290,0
5409,1
3455,1
3224,1
1954,1
5637,0
4312,0
1758,0
1804,0
5866,0
6034,0
5923,0
3416,0
974,0
6028,1
1452,0
6413,1
6722,0
5577,0
2588,0
1029,1
2685,0
4900,1
2066,0
5583,1
5991,1
171,1
4406,0
4375,0
2615,0
1891,1
2483,1
1534,0
5404,0
2463,0
2555,0
1837,1
5513,0
1108,0
1194,0
283,0
6683,0
4689,0
794,0
3288,0
1507,0
5447,0
5920,0
5340,0
1570,0
5882,0
5320,0
4052,1
5468,1
1436,1
5065,0
3816,0
1674,0
4786,0
5050,1
6080,1
7020,0
3235,0
6621,0
2596,0
6949,0
6648,0
6500,0
1244,1
3049,1
910,1
5265,0
2769,1
42,0
3600,1
5380,1
0,0
772,1
2340,0
3003,1
1626,0
1161,1
360,0
6782,0
703,0
3629,0
4989,0
6874,0
6824,1
2577,1
1460,1
359,0
4067,0
4137,0
2821,1
2830,0
308,0
6741,1
5701,0
1484,0
7007,0
2145,0
502,0
6479,1
6198,0
4336,0
2391,0
3542,0
6841,0
735,0
1813,0
819,0
6609,1
518,1
1667,0
2570,1
6624,0
4657,0
5573,1
1740,0
2243,0
5375,1
3002,0
259,0
145,0
4106,1
588,0
4919,0
4779,0
1192,1
3264,0
4611,0
3529,0
1611,0
5668,0
5743,0
482,0
1264,0
929,0
3363,0
3150,0
6832,0
1022,0
6994,0
218,0
6011,0
770,0
1991,0
374,0
4598,0
3,0
6999,1
3941,0
3098,1
3102,1
5299,1
2453,0
2498,0
1588,0
2965,1
5835,0
2612,0
2879,1
4864,0
3127,1
12,0
6489,1
116,0
2705,0
3175,1
2831,1
1637,0
2335,0
2363,0
6468,0
5214,1
2129,1
3677,0
4351,0
2425,0
3591,1
1652,0
4896,0
986,0
3559,0
6063,0
4258,1
6959,0
1948,1
5791,0
1753,0
6752,0
6387,0
4434,0
3695,0
4103,0
2225,0
6639,0
1241,0
5865,0
4742,0
6267,1
3650,0
955,1
322,0
6562,1
758,1
1892,0
5037,1
3340,1
4318,0
5363,0
4088,1
4502,1
6027,0
6051,0
1133,0
3084,0
4683,0
3294,1
5996,0
4237,1
2721,1
567,0
6652,0
1310,1
1687,0
5780,0
4886,0
6707,0
2908,1
5593,0
647,0
5539,0
6601,0
3969,0
2083,1
3680,1
6071,0
6448,1
6987,0
4732,0
2092,0
1199,0
3203,0
6709,0
1130,0
6811,1
4528,0
4622,0
297,0
91,0
2,1
4141,0
2201,0
2884,0
225,0
6550,1
5978,0
653,0
4741,0
2426,0
1857,0
545,0
231,0
6612,1
92,0
2077,1
2524,0
4037,0
6202,1
4560,0
2700,0
281,0
3895,0
2835,0
275,1
3637,1
4963,0
1755,0
6776,0
5801,0
6558,1
4387,0
2356,0
4652,0
5980,0
5921,0
5052,0
5833,0
5280,0
5281,0
5203,0
5252,0
5458,1
5137,0
457,0
7039,0
1764,0
2957,0
5986,0
5337,0
843,0
3249,0
630,1
3884,0
6845,0
2022,0
2046,0
983,1
6199,1
601,0
1761,0
4702,0
351,0
4265,1
5798,1
963,0
5974,0
1057,1
3523,0
1525,0
660,1
5672,0
2865,0
5478,0
1749,0
4955,1
5670,1
3285,0
3296,0
6248,0
3593,1
1825,0
2364,0
6089,1
4341,1
3829,1
52,0
6409,0
2523,0
4626,0
3192,0
5217,0
2728,0
394,0
5888,1
3517,1
5151,0
1973,0
786,0
5678,1
4623,0
5831,1
3847,0
1690,0
5030,1
6076,0
1234,0
76,0
1946,0
3059,0
5659,0
920,0
2714,0
1294,1
2561,0
4884,0
2053,1
2212,0
6993,1
6908,1
5256,1
6343,0
5035,0
1903,0
6342,0
3171,0
6443,0
5620,0
1079,0
3949,0
4456,0
5811,0
366,0
3486,0
2452,1
3900,0
3967,0
3548,0
276,1
2310,0
3335,0
5867,0
2988,0
3801,1
333,1
3344,1
2834,0
4975,0
5301,1
2630,0
408,1
3489,0
5094,0
5132,0
142,0
5909,0
1998,1
3640,1
1608,0
6389,0
1397,0
4524,1
4273,1
3609,0
6837,0
2659,0
4713,0
3533,0
1705,0
6403,0
3543,0
1054,1
1820,0
5200,0
1602,1
970,1
6289,1
989,0
1410,1
2202,1
2829,1
438,0
4286,0
1141,0
4749,1
5621,1
4119,0
4328,0
2224,1
5898,0
4056,1
1629,0
3912,0
5021,0
6887,0
1136,0
3048,0
115,0
5298,0
20,1
2932,0
5933,1
5643,1
5636,1
1008,1
1432,0
1416,0
1989,0
3915,0
5844,0
4211,1
670,0
1780,1
70,0
5575,0
5372,0
1267,0
62,0
4911,0
1304,1
609,1
4881,0
1189,0
2074,1
1031,0
3439,1
3902,0
5106,0
371,1
2841,0
4951,0
2539,0
5328,0
1805,0
5554,0
1099,0
268,1
5002,0
4420,0
6212,0
6840,0
1438,0
65,0
3560,0
2162,0
5612,0
1053,1
5944,1
3427,0
3862,0
3453,0
2369,0
4452,0
2559,0
3892,0
199,0
3522,0
2459,0
4803,0
1067,0
6232,1
4819,1
1985,1
5460,0
6910,0
6233,0
5535,0
4875,1
3415,1
1841,0
6654,1
6535,1
2184,1
19,0
2362,0
1691,0
892,0
3200,1
5796,0
6210,0
3882,0
1541,0
3725,1
3400,0
1331,0
1689,0
6153,0
2779,1
521,0
3648,0
5967,1
1003,0
5399,0
4239,0
3513,0
1762,0
891,1
489,1
6757,1
4996,0
340,0
255,0
4724,0
3871,1
4899,1
4077,0
3163,0
6909,0
3431,1
1548,0
4383,0
5803,1
3796,1
5120,1
4105,0
6764,1
4021,1
6932,0
434,0
6259,0
2875,1
4625,0
4563,1
349,0
3271,1
229,0
461,0
3740,0
390,0
495,1
775,0
795,0
6287,1
2098,0
3103,1
1617,0
4800,1
98,0
4410,0
5008,0
6658,1
399,0
6381,0
1830,0
4194,0
4388,0
5912,1
1227,0
1291,1
5959,0
5333,1
5689,0
3802,0
431,0
5972,1
6924,1
5236,0
6882,0
6265,0
1849,1
1209,0
1995,1
2851,0
4859,0
4221,0
356,0
1134,0
3881,0
656,0
4394,0
676,0
2040,0
526,0
5101,0
4158,0
2165,0
822,0
6469,0
2097,0
230,0
4496,0
2788,0
3641,0
6178,0
5732,0
4270,0
2004,1
2754,0
4809,0
4157,0
712,0
6854,0
917,0
2567,1
5419,0
4433,0
5341,1
3424,1
5257,1
2468,1
3485,1
5680,1
412,0
125,0
5749,0
5970,0
5906,1
2690,1
692,0
5857,1
3111,1
4109,1
3282,0
5418,0
3496,0
2697,0
1074,0
1843,0
5899,0
4229,0
1150,0
1218,1
5475,1
2226,0
4358,0
1913,0
6525,0
3118,0
3870,0
615,0
6378,1
4108,0
2827,0
6631,0
2845,0
2688,1
3487,0
1580,0
5795,0
5753,0
6907,1
420,0
475,1
5908,1
5653,1
7013,0
3687,1
4752,0
2018,1
6834,0
1600,1
6037,0
4723,1
2478,0
1592,1
32,0
3878,0
5090,1
980,0
6460,1
1084,0
2207,1
4551,0
6533,0
5297,0
1481,0
4501,0
1901,0
1046,0
4865,0
2930,0
2848,0
6716,1
363,0
2622,0
4542,0
4567,0
697,1
3804,0
6850,0
34,0
6721,0
4372,0
1285,1
4791,0
3585,0
3619,0
2047,0
1504,0
4033,0
423,0
5523,0
2266,0
3123,0
3794,0
564,0
4006,0
960,0
4385,0
5253,0
6392,0
1026,1
3731,0
5505,0
5880,1
1873,0
6105,1
1942,0
2544,0
5951,0
4023,0
5723,0
913,0
3504,0
3332,1
6502,0
2375,0
5976,0
2109,0
191,1
1157,0
694,0
627,0
4183,0
1658,1
3986,0
4170,0
988,0
2807,0
5793,0
7003,0
977,0
4233,0
3071,0
4348,1
2720,1
57,0
1806,0
1474,0
455,0
1707,0
256,0
2963,0
637,0
600,0
6822,1
3126,0
3134,0
3196,0
965,1
5770,0
2828,0
4178,0
4143,1
4416,0
2019,1
498,1
4894,0
1963,0
5263,0
4029,0
4124,0
1497,0
2239,0
3903,0
4242,0
3528,1
5237,0
1842,0
1660,0
724,1
3231,0
5578,0
1571,0
2337,1
6534,0
876,1
596,0
1933,0
5755,0
3010,0
6549,1
1788,0
6477,0
6745,1
2248,0
1297,0
1435,0
3971,1
4636,0
501,0
788,0
598,0
3395,0
5198,1
3333,0
5950,0
6016,1
426,0
1686,1
2765,0
3386,0
5503,0
6900,0
3237,0
1888,0
865,1
4745,0
4255,1
6713,0
5740,0
4187,0
3091,0
3252,0
2871,1
4398,0
3473,1
3797,0
3584,0
3535,0
111,0
4608,0
4283,0
5317,1
1505,1
4099,0
2600,0
5033,0
44,0
184,1
196,0
4602,0
6069,0
2680,0
2216,0
5686,1
3314,0
702,0
1793,0
1836,1
5545,0
744,0
1106,0
6644,0
1156,0
1513,1
4568,0
6187,0
6005,0
1952,0
4112,0
2950,0
5398,0
5729,0
1240,0
3546,0
6050,0
5452,0
320,1
5113,0
6317,1
2058,0
1628,0
1726,0
413,0
4197,0
5373,0
3973,0
5522,1
1276,0
3381,0
237,0
3979,0
4084,1
4868,1
3076,1
5540,1
4588,0
1601,0
6785,1
5598,0
1113,1
6881,0
6568,0
2164,0
1897,1
2853,0
4010,0
396,0
820,0
2263,1
6880,0
1593,0
3446,0
5738,1
1538,1
3507,0
745,0
4251,0
6223,1
4523,0
3373,1
4549,0
6463,0
3107,0
5765,1
4271,0
5266,0
4220,0
2055,0
6138,0
5818,0
2653,0
6765,0
5492,0
1698,0
6503,0
6505,0
5568,0
1124,0
1993,1
2140,1
1558,1
3519,0
2359,0
5956,1
6681,1
4082,1
4997,1
4240,1
5345,1
710,1
1011,0
321,0
2357,0
63,0
5853,0
4730,0
4225,0
1379,0
4208,0
4212,1
3478,0
605,0
1030,0
388,0
3968,0
3961,0
1480,0
2554,0
407,0
368,0
2407,1
4245,0
4440,0
5118,0
6371,0
1634,0
4614,0
3700,1
1912,0
496,0
962,0
5727,0
2253,0
4704,0
4483,0
4268,0
6164,0
3636,0
5377,0
3627,0
4971,0
997,1
5175,0
3728,0
3443,0
4277,0
6820,0
2089,0
2634,1
2826,0
2082,0
3334,1
6883,0
3442,0
3578,0
6237,1
6711,0
2648,0
1716,0
2620,0
2458,0
3119,1
5108,0
4442,1
6391,0
3068,0
6017,0
6551,0
3805,1
2420,0
1961,0
2318,0
964,1
2511,0
1453,0
1464,0
3121,1
494,0
6986,1
4304,0
6988,0
4353,1
40,0
5139,0
1158,0
6360,1
6622,1
306,1
5649,0
3667,0
3875,1
4983,1
831,0
72,0
1576,0
4149,1
5405,0
5043,1
100,0
3863,0
944,0
3342,0
312,0
3686,1
4412,0
1852,1
1763,0
6209,0
4671,1
354,1
3484,0
6556,0
4199,1
563,0
5074,0
4202,0
7009,1
4092,0
576,0
2719,0
5285,0
1177,0
247,1
4969,0
4907,0
981,0
5215,1
6955,0
3159,0
55,1
4215,0
3432,0
1193,0
4299,0
4573,0
4828,0
5092,0
5451,0
3661,0
1442,0
1259,1
4458,1
620,0
1135,0
7035,0
5569,1
5308,0
4289,0
1050,1
4419,0
6144,0
6161,0
6428,1
4274,0
4801,0
3574,0
6588,0
4697,0
2125,0
1326,0
147,1
1781,0
6538,1
3324,0
3823,0
3697,0
378,0
4291,0
1399,0
6998,0
1279,0
5589,1
3465,0
1700,0
5081,0
472,0
152,0
4469,0
6561,0
497,0
5127,1
3852,0
602,0
3186,0
488,0
666,1
5020,0
834,1
4192,0
493,0
6286,0
1953,1
726,0
2303,1
5483,1
1818,0
2670,0
5174,1
3999,1
995,1
6328,0
5140,0
3459,0
3188,1
2970,1
4812,1
2924,1
5392,0
802,0
4329,1
1174,0
6354,0
551,0
5744,0
4959,1
6662,0
1232,1
4831,0
1370,0
6136,0
2928,0
4444,1
864,1
3841,1
2409,0
1935,0
3270,0
5352,0
2059,0
4930,0
5016,1
2673,1
1680,0
4747,0
4230,1
6301,0
2014,0
1906,0
3598,0
3160,0
6810,1
5618,0
6645,0
5232,0
2328,0
3261,0
3220,0
688,0
2334,0
5836,0
1990,1
3964,0
1434,1
899,0
721,0
704,0
2167,1
2669,1
5647,0
925,0
4481,0
1018,0
4661,0
571,0
1729,0
310,0
1840,1
1819,0
4668,0
5852,1
816,1
546,1
2101,1
2405,1
5261,0
4235,0
828,1
335,1
2573,1
4832,0
5022,0
1747,1
896,0
5676,0
2907,1
1402,1
1231,0
4,1
6602,0
4695,0
6753,0
4389,0
6386,0
83,0
6421,0
587,0
2130,1
4136,0
5785,0
6976,0
5243,0
4323,1
6404,0
6372,0
6511,0
3244,0
2148,0
4691,1
2233,0
6542,1
711,0
2048,1
5914,0
5624,0
3783,0
5544,1
202,0
440,0
2881,0
4913,0
4498,0
3233,0
228,0
4470,0
5528,0
2675,0
471,1
2476,0
3014,0
4450,1
5172,0
6293,0
5594,0
5837,0
1212,0
3851,0
1535,0
2299,0
1624,1
4581,0
5231,1
1939,0
4418,1
2027,0
2847,0
4843,0
5211,1
6415,0
5625,0
737,0
2137,0
1900,0
2124,1
102,0
741,0
1646,0
6167,0
2170,0
176,1
1910,0
3532,1
5225,0
6685,0
5761,0
3254,0
6733,0
4001,0
6634,1
559,0
2640,0
1120,0
4400,0
5953,0
473,0
2933,0
4892,0
3060,0
1854,1
6904,0
5410,0
797,0
1188,0
4026,0
108,0
3430,0
1332,0
5588,1
4525,0
4580,0
6018,0
254,0
4650,0
752,0
1182,0
5751,0
4776,0
2609,1
2160,0
528,0
2075,0
6396,0
1445,0
4887,0
336,1
6060,0
5201,0
1098,0
2126,0
5371,1
5629,1
2840,0
505,1
1512,0
1417,0
3178,1
4476,1
1848,0
6302,1
409,1
4639,0
5274,0
1610,0
6467,0
97,1
2229,0
4958,0
512,1
853,0
2343,0
3311,0
2569,0
3883,0
3141,1
2326,0
4961,0
1302,0
5255,0
2581,0
4471,1
2054,1
1007,1
5940,0
6992,0
3057,0
3909,0
535,0
5566,0
4766,0
358,1
4981,1
4511,0
6918,1
5027,1
2556,0
6638,0
1311,0
5480,0
4104,0
3005,0
5472,0
4711,0
5845,1
4960,1
1466,0
5459,0
4794,0
1564,1
2921,1
4826,1
3055,1
1126,1
1496,0
5076,1
5394,0
6922,0
634,0
1662,1
2727,1
678,0
2857,0
1116,0
2533,0
2174,0
1847,0
6390,0
362,0
4624,1
4753,1
46,0
10,0
6781,1
236,0
3460,0
3104,0
5966,1
2910,0
3374,1
1845,0
4632,1
2774,0
5135,0
2897,0
6010,0
3001,0
6340,0
3651,0
95,1
3853,0
2513,0
1387,0
4785,1
5157,0
6366,0
3493,0
2349,0
784,0
5023,1
1338,1
4040,0
2946,0
2898,0
1978,0
4049,0
278,0
5275,1
584,0
3691,0
5469,0
5235,0
4241,1
2028,0
1082,0
3760,0
3360,1
1004,0
6120,0
951,0
2144,0
3230,0
3590,0
93,0
1427,0
1071,1
1348,1
6453,1
1604,0
5329,1
2944,0
1776,0
6984,0
4480,1
3316,0
484,1
578,0
3170,0
919,0
5271,0
2601,0
2740,1
3480,0
4967,1
4145,0
2885,0
3208,0
5187,0
6598,0
3452,0
2943,0
7032,1
2132,0
1791,0
4531,1
5609,1
3515,0
6592,0
3491,0
1455,0
6194,0
1959,0
3330,1
6995,0
5249,0
6058,0
1239,0
924,0
6465,0
4500,0
2429,0
338,0
2758,0
2856,0
4179,0
5561,0
2832,0
5075,0
1303,0
2330,0
6931,0
2187,0
1295,0
305,0
1204,0
5776,0
3911,1
5167,0
750,0
3807,1
3710,0
4057,0
4218,0
1695,0
4895,0
1038,0
6449,0
3247,0
4499,1
1021,0
106,0
3526,1
514,0
3876,0
4835,0
45,0
927,1
3788,1
4863,0
4545,0
2372,0
5514,0
6749,0
5343,0
4248,0
7040,0
3021,0
2992,0
2869,1
6552,1
2925,0
3215,0
1895,0
4377,0
2157,0
6901,0
6698,0
5148,0
3122,0
5269,0
4047,0
4991,1
6008,0
6582,0
2784,1
240,0
2873,1
5660,0
3114,0
4350,0
3041,0
3990,0
2800,0
1318,0
3223,0
2176,0
4516,0
3689,1
5083,0
3083,0
6253,0
1247,0
5955,0
21,0
6425,0
5788,0
6458,0
4965,1
6605,1
1860,0
842,1
122,1
160,0
5294,0
401,0
130,0
3764,0
499,1
1392,0
1590,0
4526,0
806,0
3953,1
3713,1
69,0
996,1
3018,0
1708,1
5925,0
287,1
3675,0
1533,1
2767,0
4425,0
1470,0
3539,1
5990,0
4184,1
6705,0
2412,1
4126,0
6156,0
4128,1
1585,0
5288,1
5760,0
7025,0
451,0
4979,0
3079,1
881,0
4054,0
3105,0
6348,0
6440,0
353,1
4094,0
886,0
4795,1
187,0
6867,0
3545,0
5705,0
3793,0
258,1
3652,1
2313,0
6367,0
4768,0
6373,0
2629,1
3303,1
6401,1
2042,0
708,0
2422,0
3587,1
975,1
1395,1
573,1
6219,1
2547,0
7034,1
4953,0
6855,0
6641,1
1889,0
6192,0
5390,1
3914,0
1043,1
2718,0
4540,0
2529,1
4869,0
1282,0
848,0
6884,1
5220,0
6730,0
533,0
1340,0
1924,0
3034,1
4297,0
3458,1
6189,0
3901,0
1980,0
844,1
4992,0
6240,1
4272,1
4906,0
6743,0
5758,0
1518,0
5259,0
4773,1
5510,0
392,0
3354,0
6473,1
6528,0
5664,1
2818,1
905,1
2411,0
5781,0
2855,0
4352,0
5362,0
4322,0
5949,0
2636,0
2735,0
1659,0
347,0
4142,0
6712,0
1958,0
1261,0
2489,0
2806,0
377,1
2417,0
373,0
4333,0
1514,0
6608,1
1640,0
5607,1
6921,0
135,0
6024,1
5543,0
1168,0
4032,0
6261,0
3564,0
709,0
3413,0
348,0
2623,0
219,0
444,0
6112,0
825,1
6754,0
3474,0
5567,0
6843,1
1391,0
6231,1
1618,1
6917,0
1605,0
6963,0
5722,1
129,0
5719,0
3840,0
5690,0
5775,0
6493,0
6610,0
3549,0
3616,0
257,0
6586,0
4799,0
4254,1
4287,1
5248,0
991,0
1403,0
4492,0
3297,0
2428,1
3000,1
201,0
3339,0
1665,0
4405,1
2029,1
3965,0
3212,0
4232,1
655,0
812,0
5850,1
2942,0
5227,0
5279,0
6180,0
5370,0
992,0
5782,1
5144,0
3369,0
2647,0
902,1
4495,1
5506,0
389,0
450,0
3932,1
4349,1
2541,0
5347,0
1996,0
5693,0
1661,0
6778,0
4096,0
6091,1
4076,0
5531,0
1273,0
1506,0
2678,0
6540,0
3396,0
6318,0
5001,1
6732,0
4687,1
2480,1
1551,0
4821,0
4284,0
3313,0
912,0
1155,0
6821,1
3951,0
4760,0
3873,0
6649,0
3749,1
132,0
3596,1
316,0
5156,0
5894,1
1494,1
341,0
5291,0
47,1
2585,0
1471,0
6587,0
6299,0
6397,0
4488,1
1128,0
6201,0
2190,0
3759,1
6570,0
3488,0
3540,0
7012,0
5897,0
1751,1
1596,0
2052,0
5916,0
5163,0
3329,0
4808,0
4904,0
5926,0
4411,0
961,0
6375,1
5987,0
138,0
6294,1
1314,1
3273,1
406,0
318,1
5293,0
6805,0
6084,0
483,0
1371,1
1010,0
798,0
5562,0
3327,0
3372,0
5960,0
2747,0
3690,1
5357,0
5407,0
4134,0
4246,0
1009,0
3995,1
4943,0
4744,0
3483,0
5997,0
5815,1
1006,1
6291,0
4098,1
1093,0
1790,1
1812,0
5204,0
157,0
4873,0
6695,0
112,0
5501,0
5493,1
3663,0
5414,1
2220,0
3654,0
314,1
6579,0
542,0
6459,0
1414,0
2262,1
661,0
90,0
2386,0
568,1
5586,0
1656,0
1685,0
3890,1
4369,1
730,1
2071,0
4257,0
6158,0
6899,1
304,0
863,1
544,1
625,0
2211,0
3412,0
1308,1
1025,0
5239,0
4840,0
2624,0
990,0
4290,1
4586,0
939,0
5830,0
4915,0
1385,0
313,0
6541,0
516,0
6246,0
649,0
2072,0
3573,0
3806,0
2107,0
375,0
6647,0
1299,1
3239,0
5846,0
4605,0
4036,0
2602,0
4557,0
1258,0
1885,0
6235,1
5388,1
898,1
3498,1
5242,1
4314,1
1424,0
2545,0
3058,1
6006,0
5530,0
2241,0
161,1
3331,0
1253,1
5386,0
6642,0
1492,1
5189,0
58,0
4532,1
608,0
4332,0
1275,0
4359,0
4083,1
4093,0
4635,0
4546,1
6696,0
3946,1
4250,0
1488,0
3194,1
6303,0
6227,1
4673,1
2710,0
5639,0
