customer_id,predicted_churn_prob,monthly_charges,clv_proxy,contact_cost
1090,0.9133944714679938,95.1,1141.1999999999998,9.51
1109,0.8986374497033195,85.05,1020.5999999999999,8.505
1221,0.8970038798929991,95.45,1145.4,9.545
344,0.8640146487654009,85.0,1020.0,8.5
1175,0.8582029076536459,99.25,1191.0,9.925
83,0.8569904336004106,89.55,1074.6,8.955
618,0.8550331617649432,76.45,917.4000000000001,7.6450000000000005
872,0.8531651135714361,90.85,1090.1999999999998,9.084999999999999
627,0.8519384909644625,96.6,1159.1999999999998,9.66
38,0.8509842129748628,74.5,894.0,7.45
234,0.8497662492079062,74.5,894.0,7.45
1259,0.8451760277051432,77.15,925.8000000000001,7.715000000000001
647,0.8447979814235135,100.95,1211.4,10.095
278,0.8445731617562015,88.35,1060.1999999999998,8.834999999999999
762,0.8437041600073154,84.85,1018.1999999999999,8.485
1164,0.8418206332194643,101.95,1223.4,10.195
171,0.8348784056046494,79.5,954.0,7.95
952,0.8332257816306935,85.0,1020.0,8.5
889,0.831705228605734,84.05,1008.5999999999999,8.405
995,0.8261614988452399,94.1,1129.1999999999998,9.41
1222,0.825617446998433,74.3,891.5999999999999,7.43
1393,0.8254027061684708,69.25,831.0,6.925000000000001
710,0.8244845749911323,95.65,1147.8000000000002,9.565000000000001
1188,0.8244210989569828,98.05,1176.6,9.805
1289,0.8241622316345285,69.6,835.1999999999999,6.96
341,0.8181408510418701,69.55,834.5999999999999,6.955
740,0.8181408510418701,69.1,829.1999999999999,6.91
1138,0.8168362033615001,105.9,1270.8000000000002,10.590000000000002
1252,0.8150933825641525,69.9,838.8000000000001,6.990000000000001
629,0.8150933825641525,69.9,838.8000000000001,6.990000000000001
510,0.8132163013042308,84.6,1015.1999999999999,8.459999999999999
749,0.8125895602079485,71.0,852.0,7.1000000000000005
947,0.8118268945155565,94.2,1130.4,9.42
911,0.8105516488354556,70.0,840.0,7.0
1366,0.8093407478416152,70.25,843.0,7.025
813,0.8077584638640726,75.7,908.4000000000001,7.57
1083,0.806973752111352,71.0,852.0,7.1000000000000005
51,0.8066918864958943,102.45,1229.4,10.245000000000001
124,0.8057668289907476,70.6,847.1999999999999,7.06
630,0.8038814109300745,105.3,1263.6,10.530000000000001
276,0.8035394448569739,85.55,1026.6,8.555
594,0.802987490329555,71.65,859.8000000000001,7.165000000000001
733,0.8024143674901854,79.15,949.8000000000001,7.915000000000001
1118,0.801508768585926,105.35,1264.1999999999998,10.535
1,0.8013765096776737,100.15,1201.8000000000002,10.015
1116,0.8007881346682877,74.25,891.0,7.425000000000001
621,0.7986066304761825,87.05,1044.6,8.705
41,0.7982109136334303,91.45,1097.4,9.145000000000001
788,0.797522224576696,85.7,1028.4,8.57
604,0.7905859150765319,99.3,1191.6,9.93
654,0.7893701637931232,85.3,1023.5999999999999,8.53
940,0.7881634362350172,79.35,952.1999999999999,7.935
417,0.786466511041837,79.6,955.1999999999999,7.96
1197,0.7843947610085165,89.2,1070.4,8.92
814,0.7839004754316374,84.0,1008.0,8.4
69,0.7818021842465228,80.05,960.5999999999999,8.005
454,0.7746023763536674,90.1,1081.1999999999998,9.01
816,0.7712174191062926,69.5,834.0,6.95
771,0.7672793722972358,78.8,945.5999999999999,7.88
746,0.7647927404628714,90.75,1089.0,9.075000000000001
1233,0.7631468843214199,70.45,845.4000000000001,7.045000000000001
542,0.7629284698370925,80.0,960.0,8.0
435,0.7611387751538812,80.5,966.0,8.05
1355,0.7577481665378683,83.25,999.0,8.325000000000001
98,0.7575668210736617,25.2,302.4,2.52
34,0.7573088426684735,90.4,1084.8000000000002,9.040000000000001
713,0.7542447621861541,99.8,1197.6,9.98
121,0.7533025781956368,76.35,916.1999999999999,7.635
568,0.7507707091986349,96.4,1156.8000000000002,9.64
285,0.7417186973166819,106.7,1280.4,10.670000000000002
954,0.7406050417651919,75.05,900.5999999999999,7.505
488,0.7386935392076408,80.95,971.4000000000001,8.095
693,0.7353439563337218,75.85,910.1999999999999,7.585
533,0.7333028660439933,93.5,1122.0,9.35
27,0.7325207561096008,102.25,1227.0,10.225000000000001
828,0.7316380863763512,75.55,906.5999999999999,7.555
794,0.7292973547855961,84.4,1012.8000000000001,8.440000000000001
100,0.7255564933594896,104.85,1258.1999999999998,10.485
648,0.7212054709499324,75.3,903.5999999999999,7.53
1178,0.7201944786353341,35.55,426.59999999999997,3.5549999999999997
154,0.7183236669794875,77.0,924.0,7.7
728,0.7172277075093818,75.5,906.0,7.550000000000001
1092,0.716988834052987,95.6,1147.1999999999998,9.56
1034,0.7154775321444544,85.6,1027.1999999999998,8.56
182,0.7150059272071443,74.9,898.8000000000001,7.490000000000001
359,0.7143259870084128,94.9,1138.8000000000002,9.49
29,0.7114042948362014,89.45,1073.4,8.945
20,0.7108480291849553,74.85,898.1999999999999,7.484999999999999
1285,0.7105479730194664,74.95,899.4000000000001,7.495000000000001
1127,0.7103073781714364,94.4,1132.8000000000002,9.440000000000001
1048,0.7072267079810757,75.4,904.8000000000001,7.540000000000001
566,0.7061801699261187,25.05,300.6,2.5050000000000003
304,0.7035228804680186,95.15,1141.8000000000002,9.515
484,0.7034481189486123,111.4,1336.8000000000002,11.14
1338,0.6998578735044996,59.85,718.2,5.985
593,0.6995577298036937,95.65,1147.8000000000002,9.565000000000001
114,0.6987892930289036,24.8,297.6,2.4800000000000004
246,0.6980566158342515,84.5,1014.0,8.450000000000001
1066,0.6959252039913894,79.9,958.8000000000001,7.990000000000001
586,0.6929397917831542,74.35,892.1999999999999,7.435
229,0.6928081194373334,89.15,1069.8000000000002,8.915000000000001
601,0.6909732544515708,99.0,1188.0,9.9
1298,0.6883598807071726,73.5,882.0,7.3500000000000005
1088,0.6883513390923509,74.4,892.8000000000001,7.440000000000001
960,0.6883046826564504,74.7,896.4000000000001,7.470000000000001
973,0.6878228414880339,74.85,898.1999999999999,7.484999999999999
726,0.687044194400589,50.05,600.5999999999999,5.005
235,0.6853365995529372,76.05,912.5999999999999,7.605
900,0.6849508814881801,94.05,1128.6,9.405
987,0.6848553189168516,79.0,948.0,7.9
1133,0.6842062196210142,94.2,1130.4,9.42
774,0.6818798237817374,80.35,964.1999999999999,8.035
240,0.6784211575886673,30.4,364.79999999999995,3.04
264,0.6746056538576803,73.5,882.0,7.3500000000000005
1215,0.6726441351230493,95.1,1141.1999999999998,9.51
1117,0.6697276269234573,75.8,909.5999999999999,7.58
1274,0.669254616632115,70.65,847.8000000000001,7.065000000000001
383,0.6688318559644464,87.95,1055.4,8.795
711,0.6687460329828052,79.75,957.0,7.9750000000000005
567,0.6686489024265305,41.15,493.79999999999995,4.115
1286,0.6683612216904511,80.55,966.5999999999999,8.055
1327,0.6628973326438886,96.65,1159.8000000000002,9.665000000000001
555,0.6604602796716883,70.3,843.5999999999999,7.03
1399,0.6586625231051362,84.4,1012.8000000000001,8.440000000000001
17,0.6583392836372486,91.0,1092.0,9.1
882,0.6569352998175871,70.95,851.4000000000001,7.095000000000001
663,0.6565705880700314,74.85,898.1999999999999,7.484999999999999
275,0.6557709214963008,85.95,1031.4,8.595
1257,0.6543647650536262,55.4,664.8,5.54
349,0.6543247101605051,100.45,1205.4,10.045000000000002
948,0.6542266339222866,67.75,813.0,6.775
224,0.6529201860365214,94.55,1134.6,9.455
46,0.6509951320216575,75.25,903.0,7.525
943,0.6508306481552623,74.9,898.8000000000001,7.490000000000001
228,0.6504795455435279,104.25,1251.0,10.425
1082,0.6498781483534317,55.25,663.0,5.525
360,0.6498725994204455,35.1,421.20000000000005,3.5100000000000002
310,0.6498586573554745,90.4,1084.8000000000002,9.040000000000001
319,0.6488620849068487,76.65,919.8000000000001,7.665000000000001
1007,0.6479437720849477,96.55,1158.6,9.655000000000001
880,0.64737178382888,50.5,606.0,5.050000000000001
847,0.6457300973410979,74.4,892.8000000000001,7.440000000000001
898,0.645558018178128,70.15,841.8000000000001,7.015000000000001
1288,0.6445938552297783,69.7,836.4000000000001,6.970000000000001
958,0.6433326076809247,75.75,909.0,7.575
833,0.6429119318705218,73.9,886.8000000000001,7.390000000000001
1172,0.6402839653558401,93.5,1122.0,9.35
556,0.6391719163307524,85.4,1024.8000000000002,8.540000000000001
573,0.6382240795745819,50.75,609.0,5.075
743,0.6324911845237862,74.35,892.1999999999999,7.435
1346,0.6323877929225049,75.1,901.1999999999999,7.51
603,0.6295300959573148,100.05,1200.6,10.005
734,0.6291043434680681,90.65,1087.8000000000002,9.065000000000001
1379,0.6269821576227355,80.65,967.8000000000001,8.065000000000001
387,0.626729352335326,80.8,969.5999999999999,8.08
408,0.6249011224992297,98.35,1180.1999999999998,9.835
5,0.6234560496006705,99.85,1198.1999999999998,9.985
1208,0.6208165879483459,45.2,542.4000000000001,4.5200000000000005
1123,0.6200324261905769,75.85,910.1999999999999,7.585
904,0.6199629037530594,45.1,541.2,4.510000000000001
491,0.6192887854260676,69.7,836.4000000000001,6.970000000000001
87,0.6188711448037743,25.05,300.6,2.5050000000000003
1056,0.6172604192726467,87.25,1047.0,8.725
269,0.617244323533044,48.6,583.2,4.86
412,0.6167862628088197,74.9,898.8000000000001,7.490000000000001
1159,0.6162538616234505,49.95,599.4000000000001,4.995000000000001
950,0.6143533757756564,101.9,1222.8000000000002,10.190000000000001
685,0.6142938814972363,80.5,966.0,8.05
480,0.6136334281310297,71.05,852.5999999999999,7.105
370,0.612231219249549,89.75,1077.0,8.975
86,0.6107120707124621,73.85,886.1999999999999,7.385
1300,0.6094690417742394,44.55,534.5999999999999,4.455
13,0.6080800787693856,84.8,1017.5999999999999,8.48
881,0.607511458649639,74.9,898.8000000000001,7.490000000000001
45,0.6055458708728457,110.1,1321.1999999999998,11.01
920,0.6048160037340281,102.6,1231.1999999999998,10.26
538,0.6038820023070902,70.75,849.0,7.075
830,0.6016657374753559,74.95,899.4000000000001,7.495000000000001
914,0.59962357827455,86.5,1038.0,8.65
1171,0.5995780290043881,95.4,1144.8000000000002,9.540000000000001
427,0.5954404640151081,69.6,835.1999999999999,6.96
839,0.592123509634002,80.0,960.0,8.0
1333,0.5909421649040392,75.3,903.5999999999999,7.53
921,0.5897788029262028,99.7,1196.4,9.97
1146,0.5886833293300178,69.55,834.5999999999999,6.955
1269,0.5883865251520868,84.1,1009.1999999999999,8.41
1158,0.5875954464699242,75.0,900.0,7.5
399,0.5856941428216945,45.85,550.2,4.585
1213,0.5856941428216945,45.8,549.5999999999999,4.58
1058,0.5852927626546046,74.4,892.8000000000001,7.440000000000001
1339,0.5845900840651543,80.85,970.1999999999999,8.084999999999999
1040,0.5839745477906289,89.5,1074.0,8.950000000000001
327,0.5833875328723515,88.75,1065.0,8.875
1292,0.5833701374513144,24.6,295.20000000000005,2.4600000000000004
1396,0.5831615434651577,70.3,843.5999999999999,7.03
1334,0.5824887694265815,84.3,1011.5999999999999,8.43
101,0.5815456094292049,70.0,840.0,7.0
1270,0.5813223354718207,75.55,906.5999999999999,7.555
1211,0.5812102710388546,79.0,948.0,7.9
156,0.5802250190634975,78.75,945.0,7.875
495,0.5792600131632077,89.85,1078.1999999999998,8.985
581,0.578013130030364,100.0,1200.0,10.0
321,0.5779264101345596,70.35,844.1999999999999,7.035
1267,0.5763772592647779,83.75,1005.0,8.375
449,0.5759846202576023,90.4,1084.8000000000002,9.040000000000001
158,0.5748641547473514,45.4,544.8,4.54
245,0.5742427902143008,98.15,1177.8000000000002,9.815000000000001
634,0.5740227765397732,98.85,1186.1999999999998,9.885
957,0.5737788849386065,70.05,840.5999999999999,7.005
907,0.5735838659779242,77.85,934.1999999999999,7.785
411,0.5712922143338288,89.85,1078.1999999999998,8.985
231,0.570659691740404,90.2,1082.4,9.020000000000001
1373,0.5674388855355088,94.1,1129.1999999999998,9.41
976,0.5670233520351636,72.75,873.0,7.275
369,0.5669904250295823,90.6,1087.1999999999998,9.06
572,0.5652228259318528,83.9,1006.8000000000001,8.39
302,0.5634821709578846,74.1,889.1999999999999,7.41
192,0.5629094296081713,79.85,958.1999999999999,7.984999999999999
1229,0.5617169702810388,96.05,1152.6,9.605
557,0.5612319566701892,42.6,511.20000000000005,4.260000000000001
818,0.5597612607550027,106.35,1276.1999999999998,10.635
450,0.5594694592127267,100.3,1203.6,10.030000000000001
499,0.5594614227045659,104.45,1253.4,10.445
111,0.5593937519771132,90.7,1088.4,9.07
55,0.5593401455042137,77.65,931.8000000000001,7.765000000000001
735,0.5591678397523766,53.5,642.0,5.3500000000000005
1074,0.5591289990446732,90.35,1084.1999999999998,9.035
266,0.55755745115666,74.4,892.8000000000001,7.440000000000001
311,0.5574807883697226,74.55,894.5999999999999,7.455
993,0.5555533531878046,79.95,959.4000000000001,7.995000000000001
817,0.5549805753551251,78.95,947.4000000000001,7.8950000000000005
371,0.5544281117695733,98.1,1177.1999999999998,9.81
641,0.554266091830754,75.4,904.8000000000001,7.540000000000001
674,0.5534610149237384,100.2,1202.4,10.020000000000001
493,0.5509346934883799,55.3,663.5999999999999,5.53
1102,0.5504086978184646,69.9,838.8000000000001,6.990000000000001
180,0.5486377123384881,69.95,839.4000000000001,6.995000000000001
718,0.5475248983991259,90.45,1085.4,9.045
979,0.5472088395943475,50.45,605.4000000000001,5.045000000000001
653,0.5464954101286464,79.4,952.8000000000001,7.940000000000001
1250,0.5462445000643491,40.15,481.79999999999995,4.015
764,0.5461797989372623,80.5,966.0,8.05
1236,0.545808370857751,90.35,1084.1999999999998,9.035
770,0.5433819687608624,75.65,907.8000000000001,7.565000000000001
894,0.5429199078095933,44.15,529.8,4.415
502,0.5398840391745606,70.7,848.4000000000001,7.07
1191,0.5383115379258887,94.75,1137.0,9.475
1093,0.5370446100523231,84.1,1009.1999999999999,8.41
544,0.5356205370125122,29.65,355.79999999999995,2.965
128,0.5336544436760404,91.25,1095.0,9.125
548,0.5310269240695563,54.2,650.4000000000001,5.420000000000001
336,0.5310076858639403,69.75,837.0,6.9750000000000005
426,0.5305340022309057,75.85,910.1999999999999,7.585
1249,0.5285919839682378,56.55,678.5999999999999,5.655
389,0.5281037818547745,99.1,1189.1999999999998,9.91
65,0.5272378090853093,54.9,658.8,5.49
94,0.5270707575197342,45.95,551.4000000000001,4.595000000000001
270,0.5270028955698786,29.9,358.79999999999995,2.99
678,0.5256572080656811,52.2,626.4000000000001,5.220000000000001
1223,0.5255384685236848,90.6,1087.1999999999998,9.06
966,0.5246444647497646,25.3,303.6,2.5300000000000002
863,0.5236578043121928,101.15,1213.8000000000002,10.115000000000002
1224,0.5235874424110843,75.45,905.4000000000001,7.545000000000001
142,0.5229430697109004,75.05,900.5999999999999,7.505
925,0.5223978066736175,45.95,551.4000000000001,4.595000000000001
1064,0.5198117420291544,70.0,840.0,7.0
1027,0.5196746908522633,44.0,528.0,4.4
801,0.5183350385467195,45.3,543.5999999999999,4.53
1152,0.5171420365823879,86.05,1032.6,8.605
723,0.5168320014481325,83.55,1002.5999999999999,8.355
288,0.5166601480034452,85.0,1020.0,8.5
96,0.5157909426854096,69.95,839.4000000000001,6.995000000000001
90,0.5155195109303242,85.8,1029.6,8.58
1120,0.5146715841731736,104.75,1257.0,10.475000000000001
116,0.5092808628535966,43.3,519.5999999999999,4.33
530,0.5086083658463041,80.15,961.8000000000001,8.015
523,0.5082134112666654,89.4,1072.8000000000002,8.940000000000001
826,0.5066461515872324,78.05,936.5999999999999,7.805
392,0.5063852682026736,105.5,1266.0,10.55
622,0.5055054182224545,106.4,1276.8000000000002,10.64
282,0.5039673459018367,49.9,598.8,4.99
239,0.5036195217883861,100.85,1210.1999999999998,10.085
684,0.5030171697877573,74.85,898.1999999999999,7.484999999999999
712,0.5022597671231616,25.35,304.20000000000005,2.535
1073,0.501569881195015,95.95,1151.4,9.595
93,0.5011139138713551,74.95,899.4000000000001,7.495000000000001
191,0.5007461239527816,49.95,599.4000000000001,4.995000000000001
441,0.4997124241156371,73.75,885.0,7.375
88,0.49904667740324465,102.8,1233.6,10.280000000000001
259,0.4985056933429834,101.4,1216.8000000000002,10.14
157,0.49762354459347985,29.95,359.4,2.995
244,0.4968384657931317,59.2,710.4000000000001,5.920000000000001
1320,0.49584598389079676,99.8,1197.6,9.98
151,0.4951789647493855,78.15,937.8000000000001,7.815000000000001
174,0.49350806891961413,96.55,1158.6,9.655000000000001
277,0.493295861247523,89.95,1079.4,8.995000000000001
949,0.49175563547829715,95.55,1146.6,9.555
284,0.49073348167818115,79.55,954.5999999999999,7.955
1225,0.4905121447997362,104.6,1255.1999999999998,10.46
6,0.4895313685911741,99.15,1189.8000000000002,9.915000000000001
113,0.4887467591488174,24.9,298.79999999999995,2.49
347,0.48872972733603975,76.65,919.8000000000001,7.665000000000001
194,0.48826891330137234,105.35,1264.1999999999998,10.535
77,0.48740607381487394,74.4,892.8000000000001,7.440000000000001
589,0.4871296502271214,90.45,1085.4,9.045
357,0.486896920738854,101.3,1215.6,10.13
102,0.48611384235471916,78.3,939.5999999999999,7.83
241,0.4849434040492727,95.9,1150.8000000000002,9.590000000000002
760,0.48380521517612135,85.75,1029.0,8.575000000000001
938,0.48135723030365424,68.65,823.8000000000001,6.865000000000001
1190,0.48128382329022756,81.15,973.8000000000001,8.115
1053,0.4808767721591017,103.85,1246.1999999999998,10.385
1377,0.4802102253207182,79.15,949.8000000000001,7.915000000000001
481,0.47993995976610504,64.0,768.0,6.4
1155,0.47642239238574335,90.7,1088.4,9.07
1390,0.47609543331771176,99.05,1188.6,9.905000000000001
139,0.4747297264463185,99.45,1193.4,9.945
1163,0.47341155029857906,94.25,1131.0,9.425
565,0.4727331418713622,84.15,1009.8000000000001,8.415000000000001
1101,0.4724177232390031,99.5,1194.0,9.950000000000001
320,0.47228040545566863,96.35,1156.1999999999998,9.635
1061,0.4712986898982036,89.4,1072.8000000000002,8.940000000000001
1352,0.4690754805968611,95.05,1140.6,9.505
1106,0.46882081320022556,107.75,1293.0,10.775
175,0.4684745933435214,70.2,842.4000000000001,7.0200000000000005
906,0.4663315087092365,98.85,1186.1999999999998,9.885
218,0.4661519547703974,78.9,946.8000000000001,7.890000000000001
1126,0.46612303502383295,105.0,1260.0,10.5
1094,0.4656271669395708,81.2,974.4000000000001,8.120000000000001
821,0.46498158237684084,97.7,1172.4,9.770000000000001
413,0.4644174677520235,91.15,1093.8000000000002,9.115
856,0.46427964802028276,89.05,1068.6,8.905
628,0.462738306866477,86.0,1032.0,8.6
1216,0.46266275468699314,75.5,906.0,7.550000000000001
829,0.462487657249112,96.2,1154.4,9.620000000000001
700,0.4618191756944102,79.3,951.5999999999999,7.93
31,0.46123406764570263,24.2,290.4,2.42
318,0.4610291505407851,21.0,252.0,2.1
559,0.46029512130241584,106.15,1273.8000000000002,10.615000000000002
198,0.45952242415457933,99.0,1188.0,9.9
478,0.45948282304641663,81.05,972.5999999999999,8.105
1217,0.4593361308742473,89.05,1068.6,8.905
1349,0.4581106228621305,86.1,1033.1999999999998,8.61
479,0.45784016910264186,72.65,871.8000000000001,7.265000000000001
1220,0.4548832589141888,104.75,1257.0,10.475000000000001
1112,0.45408228181181115,44.75,537.0,4.4750000000000005
72,0.44998879229822614,76.1,913.1999999999999,7.609999999999999
994,0.44960493205971197,43.95,527.4000000000001,4.3950000000000005
775,0.44861514123766577,84.6,1015.1999999999999,8.459999999999999
36,0.4483454073747361,44.95,539.4000000000001,4.495
30,0.44778542862131265,90.05,1080.6,9.005
1307,0.447488451008601,89.1,1069.1999999999998,8.91
854,0.4467167377715133,25.25,303.0,2.5250000000000004
632,0.4460996429046477,90.5,1086.0,9.05
688,0.4459368515678984,53.95,647.4000000000001,5.3950000000000005
1149,0.4458506675389991,49.8,597.5999999999999,4.98
211,0.44528789587571527,49.95,599.4000000000001,4.995000000000001
1386,0.44528707368349973,99.3,1191.6,9.93
26,0.4440058073737999,89.25,1071.0,8.925
159,0.44382900466746567,85.25,1023.0,8.525
514,0.4437921278893917,105.65,1267.8000000000002,10.565000000000001
756,0.44372197615426423,25.75,309.0,2.575
1151,0.44162450354283445,69.35,832.1999999999999,6.935
1388,0.44061133190664226,50.6,607.2,5.0600000000000005
322,0.4401278503686992,50.45,605.4000000000001,5.045000000000001
1022,0.43720510273437574,69.65,835.8000000000001,6.965000000000001
936,0.4370216338698879,83.15,997.8000000000001,8.315000000000001
1187,0.4368348827229337,98.9,1186.8000000000002,9.89
1200,0.43471198866461525,113.2,1358.4,11.32
980,0.43437727344245963,44.65,535.8,4.465
280,0.4341533763730002,24.95,299.4,2.495
1186,0.43338443951269523,45.35,544.2,4.535
707,0.4328881217538088,76.5,918.0,7.65
1148,0.4328656284444479,76.25,915.0,7.625
1150,0.4328057885005764,80.85,970.1999999999999,8.084999999999999
552,0.43225609896263884,86.1,1033.1999999999998,8.61
1085,0.4321446994697077,94.3,1131.6,9.43
783,0.43130939928043566,35.2,422.40000000000003,3.5200000000000005
670,0.43121018022124424,50.3,603.5999999999999,5.03
844,0.4308468010224743,90.85,1090.1999999999998,9.084999999999999
571,0.4307080708481382,48.75,585.0,4.875
1001,0.4300910500962859,88.95,1067.4,8.895000000000001
217,0.4299599426283275,94.2,1130.4,9.42
1182,0.4297812595906265,99.8,1197.6,9.98
423,0.4286477832298462,106.75,1281.0,10.675
797,0.4261420770449217,20.1,241.20000000000002,2.0100000000000002
1347,0.42354531446311344,76.45,917.4000000000001,7.6450000000000005
1078,0.42252878358844104,53.95,647.4000000000001,5.3950000000000005
569,0.4220653561624137,74.4,892.8000000000001,7.440000000000001
1067,0.42152196202238584,19.9,238.79999999999998,1.99
1271,0.4214649598079806,108.2,1298.4,10.82
1084,0.4169627504702277,48.75,585.0,4.875
834,0.41676830887704047,89.85,1078.1999999999998,8.985
249,0.41665073223276317,74.0,888.0,7.4
1299,0.41664207413792476,53.8,645.5999999999999,5.38
996,0.4158844458456355,20.2,242.39999999999998,2.02
758,0.4153832341379882,100.95,1211.4,10.095
1119,0.4149046533419581,94.65,1135.8000000000002,9.465000000000002
410,0.41487906304815825,20.2,242.39999999999998,2.02
117,0.41397790238939336,80.0,960.0,8.0
798,0.4099428514386669,49.0,588.0,4.9
913,0.40991065204356414,103.5,1242.0,10.350000000000001
967,0.4096655249639497,91.15,1093.8000000000002,9.115
199,0.4084780224747032,80.55,966.5999999999999,8.055
888,0.40767779358422657,85.65,1027.8000000000002,8.565000000000001
773,0.40746112379553834,84.35,1012.1999999999999,8.435
997,0.40674323535109497,23.9,286.79999999999995,2.39
1369,0.40592247012159594,19.55,234.60000000000002,1.955
187,0.40518311033879184,49.9,598.8,4.99
508,0.40433380479954656,50.15,601.8,5.015000000000001
887,0.40382341775091957,45.9,550.8,4.59
208,0.4036240807707481,19.4,232.79999999999998,1.94
448,0.40183852235516637,66.85,802.1999999999999,6.685
1010,0.4013577561428175,109.1,1309.1999999999998,10.91
1378,0.40088715452254026,34.7,416.40000000000003,3.4700000000000006
527,0.4004174280202304,19.45,233.39999999999998,1.945
1139,0.3960514323202768,74.3,891.5999999999999,7.43
1254,0.39603186905328114,96.05,1152.6,9.605
1284,0.39576204617193395,49.15,589.8,4.915
729,0.3954059922131651,71.05,852.5999999999999,7.105
1368,0.39373633517615264,100.7,1208.4,10.07
260,0.39309882578192445,55.3,663.5999999999999,5.53
1232,0.3923943506912136,19.75,237.0,1.975
1173,0.39156325285845106,86.2,1034.4,8.620000000000001
591,0.39145902485849965,70.55,846.5999999999999,7.055
422,0.39145799920940283,49.15,589.8,4.915
419,0.3908165110386087,48.75,585.0,4.875
490,0.390581615491041,84.25,1011.0,8.425
1192,0.38986915362201435,84.35,1012.1999999999999,8.435
232,0.3894223243258747,91.25,1095.0,9.125
1246,0.38876945356874626,48.95,587.4000000000001,4.8950000000000005
386,0.3875510378750863,49.25,591.0,4.925000000000001
10,0.38625883189470606,106.05,1272.6,10.605
268,0.38580018440170794,111.5,1338.0,11.15
372,0.38553734768491615,74.25,891.0,7.425000000000001
518,0.3849330080050932,43.75,525.0,4.375
945,0.3848308432268225,79.65,955.8000000000001,7.965000000000001
576,0.38237638982333993,95.3,1143.6,9.53
1104,0.3820642155599579,29.15,349.79999999999995,2.915
962,0.3818327502745441,85.35,1024.1999999999998,8.535
866,0.3812122151133139,25.0,300.0,2.5
373,0.38098089092238074,55.0,660.0,5.5
852,0.3806970641134927,57.55,690.5999999999999,5.755
54,0.3806325603659598,51.2,614.4000000000001,5.120000000000001
1322,0.38019479672362,99.15,1189.8000000000002,9.915000000000001
1374,0.38011517084737656,29.95,359.4,2.995
714,0.3799015873366164,74.95,899.4000000000001,7.495000000000001
650,0.37970044267023073,30.5,366.0,3.0500000000000003
989,0.37922562881864413,106.5,1278.0,10.65
776,0.37870079835633746,49.9,598.8,4.99
377,0.37818161377667475,89.05,1068.6,8.905
1395,0.3780127561617837,73.1,877.1999999999999,7.31
1160,0.37557397972999,72.15,865.8000000000001,7.215000000000001
85,0.37550787334504354,114.1,1369.1999999999998,11.41
525,0.3755022766836933,80.6,967.1999999999999,8.06
806,0.37465386346568813,100.55,1206.6,10.055
865,0.37414937179938296,31.0,372.0,3.1
1135,0.3737416445069358,33.9,406.79999999999995,3.39
956,0.37371887900285417,85.95,1031.4,8.595
725,0.3734080790885771,94.05,1128.6,9.405
9,0.3726728917049704,45.05,540.5999999999999,4.505
301,0.3721802704166889,108.15,1297.8000000000002,10.815000000000001
864,0.37170193870489976,50.3,603.5999999999999,5.03
1294,0.37117864475852924,55.8,669.5999999999999,5.58
401,0.3711338511067683,20.7,248.39999999999998,2.07
1181,0.3707624419576264,20.55,246.60000000000002,2.055
1243,0.36982110352282016,80.7,968.4000000000001,8.07
91,0.3694104016979106,95.9,1150.8000000000002,9.590000000000002
147,0.36741520990633264,96.75,1161.0,9.675
786,0.3661240867596668,94.1,1129.1999999999998,9.41
1140,0.3661122965519845,69.75,837.0,6.9750000000000005
884,0.364805522405992,50.35,604.2,5.035
1157,0.36371346281057015,95.15,1141.8000000000002,9.515
103,0.3624982847622885,109.8,1317.6,10.98
477,0.3622271281526214,48.2,578.4000000000001,4.82
658,0.3605167698412307,75.6,907.1999999999999,7.56
170,0.35977826008709934,69.8,837.5999999999999,6.98
1235,0.35876343658290627,74.15,889.8000000000001,7.415000000000001
575,0.35856910309344026,19.3,231.60000000000002,1.9300000000000002
148,0.3573949613041213,69.7,836.4000000000001,6.970000000000001
741,0.35727073511173135,57.2,686.4000000000001,5.720000000000001
290,0.35651692325356643,19.9,238.79999999999998,1.99
195,0.3565018651240009,83.85,1006.1999999999999,8.385
928,0.3555588437656785,19.95,239.39999999999998,1.995
598,0.35475045556450446,79.6,955.1999999999999,7.96
896,0.3531451019280551,98.75,1185.0,9.875
236,0.3522711113717354,111.1,1333.1999999999998,11.11
196,0.35197283296876886,44.3,531.5999999999999,4.43
1277,0.35188334354937184,80.35,964.1999999999999,8.035
416,0.35158369043110627,20.05,240.60000000000002,2.0050000000000003
1314,0.35025309482259953,93.8,1125.6,9.38
892,0.3470524676210568,35.65,427.79999999999995,3.565
126,0.3464680616207663,89.15,1069.8000000000002,8.915000000000001
1019,0.34612577865723687,19.8,237.60000000000002,1.9800000000000002
619,0.3454735547476332,19.75,237.0,1.975
855,0.3454735547476332,19.75,237.0,1.975
1331,0.34463288737794995,87.55,1050.6,8.755
407,0.34368087790921675,78.75,945.0,7.875
343,0.34242344218557347,62.05,744.5999999999999,6.205
173,0.3423142237680473,19.4,232.79999999999998,1.94
686,0.34220160626770696,103.95,1247.4,10.395000000000001
497,0.3416782091399709,69.0,828.0,6.9
1033,0.33978443221718,19.65,235.79999999999998,1.9649999999999999
272,0.33823261563765583,49.2,590.4000000000001,4.920000000000001
381,0.3377737402021975,20.05,240.60000000000002,2.0050000000000003
999,0.3374552274371348,44.8,537.5999999999999,4.4799999999999995
1000,0.33620052617480006,84.3,1011.5999999999999,8.43
689,0.336089305636208,50.8,609.5999999999999,5.08
3,0.3359097355393642,78.2,938.4000000000001,7.82
222,0.33550199852297125,49.8,597.5999999999999,4.98
425,0.33415587518948653,20.8,249.60000000000002,2.08
254,0.3334424994546078,46.0,552.0,4.6000000000000005
935,0.3332559890467416,107.25,1287.0,10.725000000000001
155,0.33222271241339685,26.05,312.6,2.6050000000000004
645,0.33123130892605307,83.85,1006.1999999999999,8.385
149,0.33044516102900906,87.9,1054.8000000000002,8.790000000000001
445,0.3285378297994595,103.75,1245.0,10.375
1291,0.32842175148487,102.7,1232.4,10.270000000000001
765,0.325934912623261,100.05,1200.6,10.005
1309,0.32440236382825477,95.25,1143.0,9.525
1275,0.32439485840752075,75.3,903.5999999999999,7.53
385,0.3239921261025366,55.3,663.5999999999999,5.53
131,0.3239152374356352,40.65,487.79999999999995,4.065
324,0.32028762184022747,69.5,834.0,6.95
668,0.3201119625290089,48.65,583.8,4.865
456,0.31943948040020914,85.0,1020.0,8.5
1364,0.3187925281257956,78.85,946.1999999999999,7.885
666,0.31870552629976656,72.25,867.0,7.2250000000000005
47,0.31817318223678515,66.65,799.8000000000001,6.665000000000001
53,0.31810659469581504,51.0,612.0,5.1000000000000005
1097,0.3179647077620951,20.6,247.20000000000002,2.06
763,0.3178710535797557,92.4,1108.8000000000002,9.24
215,0.31608279638264264,34.65,415.79999999999995,3.465
42,0.3158066188583971,70.4,844.8000000000001,7.040000000000001
607,0.31540685844644506,100.5,1206.0,10.05
257,0.3152410680094261,88.8,1065.6,8.88
178,0.3143979544525462,88.4,1060.8000000000002,8.840000000000002
467,0.3135726867440195,58.95,707.4000000000001,5.8950000000000005
501,0.31219891424110413,95.4,1144.8000000000002,9.540000000000001
561,0.31180099862782806,56.7,680.4000000000001,5.670000000000001
1125,0.3113132566288853,105.25,1263.0,10.525
237,0.31118159932598505,68.55,822.5999999999999,6.855
831,0.3093817748566393,89.95,1079.4,8.995000000000001
929,0.30932938020760165,35.1,421.20000000000005,3.5100000000000002
1357,0.30919609823884864,20.75,249.0,2.075
1024,0.3071270267035297,20.25,243.0,2.025
766,0.30543112653586035,98.85,1186.1999999999998,9.885
1035,0.30440540348782263,100.75,1209.0,10.075000000000001
130,0.30312289420614863,20.4,244.79999999999998,2.04
742,0.30295586978672223,20.3,243.60000000000002,2.0300000000000002
330,0.3022984199432586,20.45,245.39999999999998,2.045
1207,0.30164630419146243,105.2,1262.4,10.520000000000001
476,0.3006193366848162,108.25,1299.0,10.825000000000001
1391,0.29861878285077387,98.25,1179.0,9.825000000000001
1065,0.2963069645448875,20.3,243.60000000000002,2.0300000000000002
1005,0.2947053059652619,81.7,980.4000000000001,8.17
296,0.29404513056118253,94.3,1131.6,9.43
873,0.2936255286773703,56.3,675.5999999999999,5.63
1107,0.2903212676094113,67.8,813.5999999999999,6.78
699,0.2897044242638708,91.0,1092.0,9.1
1255,0.2896470558376974,48.8,585.5999999999999,4.88
49,0.28907597487034753,75.6,907.1999999999999,7.56
21,0.2883144642218693,28.5,342.0,2.85
981,0.2882993623203974,19.25,231.0,1.925
1091,0.2880967339025016,18.85,226.20000000000002,1.8850000000000002
1280,0.28771423352348996,49.5,594.0,4.95
871,0.28525005938752135,65.5,786.0,6.550000000000001
651,0.2842016339326573,89.15,1069.8000000000002,8.915000000000001
1363,0.28376305063618684,64.5,774.0,6.45
483,0.28068522429247816,34.5,414.0,3.45
809,0.28064216397005415,99.9,1198.8000000000002,9.990000000000002
489,0.28019094702250413,95.65,1147.8000000000002,9.565000000000001
1295,0.27933433918215306,102.85,1234.1999999999998,10.285
562,0.2767734565059122,103.75,1245.0,10.375
613,0.2767303493152714,106.25,1275.0,10.625
540,0.27486046752386745,50.25,603.0,5.025
462,0.2748067268040645,97.95,1175.4,9.795000000000002
64,0.27382998196841,50.7,608.4000000000001,5.07
1137,0.27214552616305665,84.15,1009.8000000000001,8.415000000000001
443,0.27192436734649533,105.75,1269.0,10.575000000000001
363,0.27029387859026377,109.45,1313.4,10.945
539,0.26902020211964806,39.1,469.20000000000005,3.91
731,0.26872996442966207,55.95,671.4000000000001,5.595000000000001
1304,0.2686476191082314,85.5,1026.0,8.55
978,0.26812253099386424,29.1,349.20000000000005,2.91
18,0.26708478141865827,105.7,1268.4,10.57
521,0.2661993793883403,97.0,1164.0,9.700000000000001
1049,0.26588619953655,49.35,592.2,4.9350000000000005
384,0.26587728535561667,59.5,714.0,5.95
185,0.2657807210813389,89.4,1072.8000000000002,8.940000000000001
197,0.2657652672294105,91.0,1092.0,9.1
153,0.2654628443405008,55.3,663.5999999999999,5.53
1012,0.26424312702639113,55.2,662.4000000000001,5.5200000000000005
917,0.26402642908365614,66.6,799.1999999999999,6.66
1354,0.26401151809231294,81.3,975.5999999999999,8.13
982,0.2635963624799581,108.1,1297.1999999999998,10.81
717,0.263031847158119,106.95,1283.4,10.695
258,0.2625061699419893,100.55,1206.6,10.055
1365,0.2619561389076713,25.15,301.79999999999995,2.515
532,0.2618185134050027,100.0,1200.0,10.0
183,0.25964857269013286,50.05,600.5999999999999,5.005
439,0.258928281575503,67.25,807.0,6.7250000000000005
799,0.25759299529398016,79.2,950.4000000000001,7.920000000000001
1318,0.2566908102586375,111.95,1343.4,11.195
1201,0.2563303331392571,100.75,1209.0,10.075000000000001
870,0.25619384553930896,69.1,829.1999999999999,6.91
66,0.25252276471443774,60.4,724.8,6.04
459,0.25236177566484885,41.6,499.20000000000005,4.16
753,0.2523484437992131,84.8,1017.5999999999999,8.48
1251,0.25176053122151115,69.4,832.8000000000001,6.940000000000001
1247,0.251360331928537,19.6,235.20000000000002,1.9600000000000002
1382,0.24939498259509557,69.95,839.4000000000001,6.995000000000001
135,0.24783711534781028,55.65,667.8,5.565
842,0.24719491588196202,100.55,1206.6,10.055
405,0.24682378327286827,48.85,586.2,4.885000000000001
1132,0.24674356557724547,89.8,1077.6,8.98
878,0.24445833032499137,50.3,603.5999999999999,5.03
1179,0.2424827377742321,108.9,1306.8000000000002,10.89
24,0.24174192968605945,69.15,829.8000000000001,6.915000000000001
1032,0.241289473646526,84.9,1018.8000000000001,8.49
82,0.24100517330606638,98.6,1183.1999999999998,9.86
820,0.24079911389196784,108.65,1303.8000000000002,10.865000000000002
35,0.240101025513792,96.1,1153.1999999999998,9.61
1169,0.23947762488606233,99.0,1188.0,9.9
927,0.23945267513732352,98.0,1176.0,9.8
1072,0.23867648312807727,45.0,540.0,4.5
528,0.23834172960441552,58.35,700.2,5.835000000000001
1231,0.2371867629559742,44.45,533.4000000000001,4.445
988,0.23713041888890563,66.05,792.5999999999999,6.605
1018,0.23691350493329164,43.55,522.5999999999999,4.3549999999999995
903,0.2362213439871259,45.55,546.5999999999999,4.555
810,0.23599322714439525,54.25,651.0,5.425000000000001
1205,0.23531886214255332,104.4,1252.8000000000002,10.440000000000001
744,0.23515237134182082,61.45,737.4000000000001,6.1450000000000005
402,0.2346264821335947,80.95,971.4000000000001,8.095
646,0.23388730877399538,94.15,1129.8000000000002,9.415000000000001
858,0.2326320943623162,65.5,786.0,6.550000000000001
1147,0.2326256388948492,108.25,1299.0,10.825000000000001
431,0.2316895853679226,104.0,1248.0,10.4
592,0.23100712183381983,99.1,1189.1999999999998,9.91
1071,0.23027926133795412,59.8,717.5999999999999,5.98
1038,0.22943725238742668,97.8,1173.6,9.780000000000001
200,0.22904173512223722,60.6,727.2,6.0600000000000005
875,0.22861771509998005,99.2,1190.4,9.920000000000002
536,0.22803474550684263,64.4,772.8000000000001,6.440000000000001
1384,0.2279375533086511,51.3,615.5999999999999,5.13
874,0.22744590810081705,53.85,646.2,5.385000000000001
535,0.2271754646954193,84.9,1018.8000000000001,8.49
167,0.22576318938514817,106.55,1278.6,10.655000000000001
857,0.22505582515672828,104.05,1248.6,10.405000000000001
909,0.22383257576558607,108.95,1307.4,10.895000000000001
1397,0.22226243852035327,19.05,228.60000000000002,1.9050000000000002
286,0.2216143608137418,55.7,668.4000000000001,5.57
811,0.22118323173927582,109.7,1316.4,10.97
104,0.22086591830539826,57.45,689.4000000000001,5.745000000000001
1371,0.21819494122340338,35.65,427.79999999999995,3.565
415,0.21759087810215347,29.75,357.0,2.975
1359,0.21627124390988367,104.85,1258.1999999999998,10.485
1313,0.21605869968739952,59.8,717.5999999999999,5.98
355,0.2158314278047587,59.1,709.2,5.91
977,0.215587648233384,103.7,1244.4,10.370000000000001
331,0.21534049230739272,100.45,1205.4,10.045000000000002
1045,0.21476126481486935,106.1,1273.1999999999998,10.61
25,0.21447797546999592,54.55,654.5999999999999,5.455
492,0.21397551580653987,103.9,1246.8000000000002,10.39
590,0.21374306682518732,73.05,876.5999999999999,7.305
933,0.21302154932790315,69.6,835.1999999999999,6.96
1113,0.21282522142695415,71.05,852.5999999999999,7.105
212,0.21216586181610406,89.05,1068.6,8.905
1332,0.21200803327662077,108.5,1302.0,10.850000000000001
366,0.21147065461902223,53.75,645.0,5.375
342,0.2106131351506598,51.1,613.2,5.11
67,0.20975285102288557,49.55,594.5999999999999,4.955
353,0.20955532041119765,50.85,610.2,5.085000000000001
972,0.20953014691434663,69.5,834.0,6.95
1063,0.2092021256513595,51.35,616.2,5.135000000000001
876,0.20861587428591766,64.95,779.4000000000001,6.495000000000001
716,0.20684889194798864,54.7,656.4000000000001,5.470000000000001
295,0.20628570818363245,90.45,1085.4,9.045
506,0.2043641027079724,89.2,1070.4,8.92
190,0.20372985205869626,89.8,1077.6,8.98
444,0.2034753433846977,19.6,235.20000000000002,1.9600000000000002
1326,0.20270849495239332,24.85,298.20000000000005,2.4850000000000003
517,0.20270544546898023,44.65,535.8,4.465
365,0.20102196360424326,115.65,1387.8000000000002,11.565000000000001
737,0.2009543179440365,55.95,671.4000000000001,5.595000000000001
305,0.2007979931261752,61.55,738.5999999999999,6.155
127,0.20070022676214125,91.2,1094.4,9.120000000000001
1385,0.20015106397141552,106.0,1272.0,10.600000000000001
374,0.19868079684924828,90.1,1081.1999999999998,9.01
877,0.1973699111867567,68.25,819.0,6.825
916,0.19418810162010552,100.9,1210.8000000000002,10.090000000000002
1206,0.19385774324511246,55.0,660.0,5.5
635,0.19262750699124243,39.9,478.79999999999995,3.99
12,0.19245136545569017,30.2,362.4,3.02
352,0.19244732769786782,60.65,727.8,6.065
577,0.19209195832782186,76.05,912.5999999999999,7.605
394,0.1918773373031898,25.15,301.79999999999995,2.515
522,0.18958247346163082,107.9,1294.8000000000002,10.790000000000001
39,0.18930216845755274,55.25,663.0,5.525
971,0.18868197786274835,19.85,238.20000000000002,1.9850000000000003
1212,0.18828252567718234,63.15,757.8,6.315
683,0.18584269414809318,109.15,1309.8000000000002,10.915000000000001
946,0.18417981826620472,55.7,668.4000000000001,5.57
440,0.18404187585479043,109.8,1317.6,10.98
1075,0.18375234526760348,100.35,1204.1999999999998,10.035
1266,0.18306292861126666,54.8,657.5999999999999,5.48
1361,0.18279872854844212,61.65,739.8,6.165
1264,0.18219464716878844,84.05,1008.5999999999999,8.405
1312,0.18206756851945416,99.1,1189.1999999999998,9.91
677,0.18196851116569104,55.2,662.4000000000001,5.5200000000000005
1023,0.18171873709638428,89.6,1075.1999999999998,8.959999999999999
403,0.1808868100356042,59.1,709.2,5.91
43,0.18047773793447366,19.6,235.20000000000002,1.9600000000000002
890,0.1800407959078795,94.4,1132.8000000000002,9.440000000000001
669,0.1798682504035178,104.7,1256.4,10.47
807,0.17814053268747895,20.75,249.0,2.075
461,0.17808248604072072,111.3,1335.6,11.13
179,0.17763276502559017,50.15,601.8,5.015000000000001
63,0.1774111021900262,50.7,608.4000000000001,5.07
78,0.17736770532804133,20.45,245.39999999999998,2.045
1362,0.1767398662519579,45.3,543.5999999999999,4.53
553,0.17654831770961704,40.65,487.79999999999995,4.065
496,0.17645101404969718,93.65,1123.8000000000002,9.365
730,0.17519520615462925,56.8,681.5999999999999,5.68
470,0.17259152754278928,48.55,582.5999999999999,4.855
1372,0.1715466869503659,94.3,1131.6,9.43
1279,0.1714723988218154,49.7,596.4000000000001,4.970000000000001
112,0.17028677981507814,48.8,585.5999999999999,4.88
1283,0.16895474925809423,54.9,658.8,5.49
560,0.1688859628936103,110.05,1320.6,11.005
1193,0.16843067708168472,59.55,714.5999999999999,5.955
695,0.16702555227057686,85.55,1026.6,8.555
165,0.16683561601806673,20.65,247.79999999999998,2.065
679,0.16664578976558878,54.55,654.5999999999999,5.455
99,0.16602993791904047,20.1,241.20000000000002,2.0100000000000002
141,0.165733605231555,105.4,1264.8000000000002,10.540000000000001
453,0.16532165113415187,19.55,234.60000000000002,1.955
1115,0.16530437866228936,87.55,1050.6,8.755
52,0.16478611648613514,19.95,239.39999999999998,1.995
238,0.16368951229951154,45.0,540.0,4.5
908,0.16343597785201913,55.65,667.8,5.565
526,0.16248251266370514,116.6,1399.1999999999998,11.66
308,0.16215616825626455,20.05,240.60000000000002,2.0050000000000003
1351,0.1620467090485893,96.1,1153.1999999999998,9.61
348,0.16178872479888667,66.4,796.8000000000001,6.640000000000001
787,0.16096899997762662,109.05,1308.6,10.905000000000001
204,0.1609278651954546,19.4,232.79999999999998,1.94
910,0.16029466418311406,105.2,1262.4,10.520000000000001
1381,0.1602484609277365,65.9,790.8000000000001,6.590000000000001
243,0.1597005587572149,105.15,1261.8000000000002,10.515
1263,0.159412426396549,73.55,882.5999999999999,7.355
1360,0.15921528955834513,74.1,889.1999999999999,7.41
1209,0.15893286642876142,93.55,1122.6,9.355
745,0.1584654770957433,19.65,235.79999999999998,1.9649999999999999
1095,0.15821607942130428,105.05,1260.6,10.505
1337,0.15714124289359346,50.0,600.0,5.0
62,0.15666278796977934,91.2,1094.4,9.120000000000001
789,0.15612388636141702,50.1,601.2,5.010000000000001
1317,0.1558716057229051,85.7,1028.4,8.57
291,0.15570466230227858,70.45,845.4000000000001,7.045000000000001
615,0.1554912628097737,69.5,834.0,6.95
524,0.15438525065802794,48.95,587.4000000000001,4.8950000000000005
263,0.154291922188188,20.0,240.0,2.0
587,0.1540371273469377,94.15,1129.8000000000002,9.415000000000001
614,0.15357745288739175,49.9,598.8,4.99
68,0.15287410644976113,74.05,888.5999999999999,7.405
1311,0.15266577909581105,95.85,1150.1999999999998,9.584999999999999
992,0.15190862947625378,69.5,834.0,6.95
73,0.1513476811558445,78.95,947.4000000000001,7.8950000000000005
899,0.1507100116143122,81.05,972.5999999999999,8.105
975,0.14986961038985425,58.6,703.2,5.86
511,0.14944997085933662,102.0,1224.0,10.200000000000001
639,0.14895702630228935,19.5,234.0,1.9500000000000002
638,0.14875400691950252,72.25,867.0,7.2250000000000005
706,0.14849020220865472,91.35,1096.1999999999998,9.135
660,0.14845622626933766,55.3,663.5999999999999,5.53
611,0.1482089472562838,20.75,249.0,2.075
671,0.14759995190714903,54.2,650.4000000000001,5.420000000000001
519,0.14697234158700567,94.7,1136.4,9.47
350,0.14690980490163535,75.9,910.8000000000001,7.590000000000001
364,0.1468329339961901,55.15,661.8,5.515000000000001
210,0.1468171582401938,99.9,1198.8000000000002,9.990000000000002
434,0.14515081610199992,35.0,420.0,3.5
225,0.14439138030967827,98.45,1181.4,9.845
1234,0.14364779004151193,82.85,994.1999999999999,8.285
452,0.1429876255481776,94.0,1128.0,9.4
1036,0.14290592729374155,90.8,1089.6,9.08
1002,0.1427612756166315,94.2,1130.4,9.42
207,0.14273356589676814,19.65,235.79999999999998,1.9649999999999999
1014,0.14268630117494052,20.85,250.20000000000002,2.0850000000000004
14,0.1418253770749253,48.8,585.5999999999999,4.88
471,0.1415298776591145,45.55,546.5999999999999,4.555
657,0.14148042278207756,20.0,240.0,2.0
1242,0.14026964986225235,53.4,640.8,5.34
132,0.14016993922042414,110.35,1324.1999999999998,11.035
1202,0.13974669107522675,29.3,351.6,2.93
1039,0.13969247722540828,73.75,885.0,7.375
273,0.13969046784417666,25.85,310.20000000000005,2.5850000000000004
1276,0.13959489635090933,20.95,251.39999999999998,2.095
665,0.13944823231415548,94.45,1133.4,9.445
777,0.13927071695810928,57.95,695.4000000000001,5.795000000000001
133,0.1384888399729106,64.9,778.8000000000001,6.490000000000001
625,0.13706910814859408,19.85,238.20000000000002,1.9850000000000003
1042,0.13684741563006597,104.0,1248.0,10.4
891,0.13444034897974386,65.05,780.5999999999999,6.505
558,0.13429248183907636,81.75,981.0,8.175
451,0.13428035331698848,26.2,314.4,2.62
545,0.13410408468534948,20.45,245.39999999999998,2.045
326,0.13377670344889994,108.75,1305.0,10.875
1293,0.13346701183630683,89.2,1070.4,8.92
265,0.13312135931762936,51.2,614.4000000000001,5.120000000000001
438,0.13231841743333195,60.55,726.5999999999999,6.055
221,0.13198845047403623,64.85,778.1999999999999,6.484999999999999
106,0.1309205031592351,110.5,1326.0,11.05
188,0.1289235247107759,65.35,784.1999999999999,6.535
893,0.12853516429240158,90.65,1087.8000000000002,9.065000000000001
1323,0.12814362689395314,34.0,408.0,3.4000000000000004
1070,0.12720025268407648,45.85,550.2,4.585
1028,0.12656890698275758,93.5,1122.0,9.35
1017,0.1260862476900113,19.75,237.0,1.975
356,0.12560985070643998,109.1,1309.1999999999998,10.91
1161,0.1255736621821985,20.9,250.79999999999998,2.09
704,0.12458660126994277,79.8,957.5999999999999,7.98
652,0.12428412328276224,70.15,841.8000000000001,7.015000000000001
1330,0.12361688319708278,108.55,1302.6,10.855
172,0.1221591447230084,69.4,832.8000000000001,6.940000000000001
1305,0.12199889846907189,20.05,240.60000000000002,2.0050000000000003
608,0.12190833578729321,23.5,282.0,2.35
375,0.12153739604229563,64.9,778.8000000000001,6.490000000000001
595,0.12066022578659594,100.25,1203.0,10.025
1241,0.12047384022338789,110.25,1323.0,11.025
803,0.11986606599483582,95.7,1148.4,9.57
108,0.11982475401700073,105.25,1263.0,10.525
206,0.11860326504490866,49.75,597.0,4.9750000000000005
918,0.11771974027295899,71.85,862.1999999999999,7.185
309,0.1169013375060414,19.95,239.39999999999998,1.995
433,0.11625447023713278,102.6,1231.1999999999998,10.26
606,0.11611586284282463,55.25,663.0,5.525
1406,0.11607376938010139,20.65,247.79999999999998,2.065
1080,0.11522851783619066,62.45,749.4000000000001,6.245000000000001
543,0.11445423777003469,35.05,420.59999999999997,3.505
923,0.11397272780336029,59.9,718.8,5.99
541,0.11376156459715767,80.1,961.1999999999999,8.01
681,0.11353057165637118,50.2,602.4000000000001,5.0200000000000005
137,0.1124639358941677,54.65,655.8,5.465
682,0.11234508483856151,110.25,1323.0,11.025
697,0.11129078332711588,20.55,246.60000000000002,2.055
902,0.11101199247779663,49.85,598.2,4.985
7,0.11094430351034627,24.1,289.20000000000005,2.41
822,0.10893063184931204,45.0,540.0,4.5
715,0.10890347505972812,61.9,742.8,6.19
380,0.10864229432539341,100.7,1208.4,10.07
515,0.1084314492101363,56.3,675.5999999999999,5.63
1198,0.10834921730030542,55.0,660.0,5.5
1214,0.10834301812707689,55.7,668.4000000000001,5.57
1315,0.10807353376875062,19.85,238.20000000000002,1.9850000000000003
316,0.10712097209390878,99.35,1192.1999999999998,9.935
932,0.10672247938367123,39.55,474.59999999999997,3.955
168,0.10624869878834009,19.95,239.39999999999998,1.995
1177,0.10593749703539061,24.7,296.4,2.47
261,0.10561024752641238,113.75,1365.0,11.375
1141,0.10558787806389595,70.45,845.4000000000001,7.045000000000001
860,0.10543381986719338,19.5,234.0,1.9500000000000002
337,0.10522260131471743,59.65,715.8,5.965
825,0.10477913937527883,54.55,654.5999999999999,5.455
307,0.1043432928991547,69.45,833.4000000000001,6.945
701,0.10422640781219299,19.7,236.39999999999998,1.97
959,0.10369834286488881,19.8,237.60000000000002,1.9800000000000002
378,0.10242360206440124,112.95,1355.4,11.295000000000002
145,0.10239975120161116,111.05,1332.6,11.105
362,0.10202182058578887,56.15,673.8,5.615
227,0.10155854344518156,20.45,245.39999999999998,2.045
1029,0.10084673272536171,97.25,1167.0,9.725000000000001
421,0.10069924728536739,91.3,1095.6,9.13
293,0.09978067323816944,66.3,795.5999999999999,6.63
790,0.09942228678420051,109.05,1308.6,10.905000000000001
186,0.09898786156444528,67.45,809.4000000000001,6.745000000000001
219,0.09881204242688175,65.25,783.0,6.525
942,0.09841386298990977,78.75,945.0,7.875
1278,0.09780010711266567,89.65,1075.8000000000002,8.965000000000002
1203,0.09744201141961431,64.85,778.1999999999999,6.484999999999999
1108,0.0967574212134612,116.0,1392.0,11.600000000000001
1329,0.09583898799417545,69.1,829.1999999999999,6.91
963,0.0948302685257443,58.35,700.2,5.835000000000001
442,0.09472511731083469,55.8,669.5999999999999,5.58
465,0.09436892229321854,74.85,898.1999999999999,7.484999999999999
252,0.09413159297199121,20.85,250.20000000000002,2.0850000000000004
351,0.09274974849454988,85.95,1031.4,8.595
612,0.09266147945663696,103.2,1238.4,10.32
564,0.09254450037084716,76.9,922.8000000000001,7.690000000000001
600,0.09207270517857917,20.2,242.39999999999998,2.02
89,0.09183581073788549,110.8,1329.6,11.08
473,0.09183201434585117,109.2,1310.4,10.920000000000002
1047,0.09122818655857945,94.7,1136.4,9.47
1356,0.09091600873445782,61.4,736.8,6.140000000000001
886,0.09086808459919464,110.5,1326.0,11.05
504,0.09016376132970591,78.8,945.5999999999999,7.88
631,0.09006229695811377,59.6,715.2,5.960000000000001
919,0.08967046382841823,84.15,1009.8000000000001,8.415000000000001
672,0.0889679808138686,19.7,236.39999999999998,1.97
472,0.08892684894235683,81.7,980.4000000000001,8.17
1376,0.08813674436233354,79.05,948.5999999999999,7.905
1343,0.0876809267271864,79.95,959.4000000000001,7.995000000000001
1238,0.08683115419812082,104.65,1255.8000000000002,10.465000000000002
990,0.08663745505135537,114.9,1378.8000000000002,11.490000000000002
1325,0.08659828352147467,20.3,243.60000000000002,2.0300000000000002
129,0.08659605730236386,19.75,237.0,1.975
420,0.0864823325664762,74.75,897.0,7.4750000000000005
1015,0.08630820053461108,92.3,1107.6,9.23
230,0.08616819774232683,111.15,1333.8000000000002,11.115000000000002
673,0.08615123673901978,110.6,1327.1999999999998,11.06
56,0.08610049744929252,63.7,764.4000000000001,6.370000000000001
656,0.08599472423327333,100.55,1206.6,10.055
317,0.08505017622546585,44.45,533.4000000000001,4.445
835,0.08384469411132463,75.2,902.4000000000001,7.5200000000000005
1387,0.08374484037836921,56.35,676.2,5.635000000000001
791,0.08341200141560594,19.6,235.20000000000002,1.9600000000000002
314,0.08271182395204422,75.0,900.0,7.5
279,0.08256706996509092,20.05,240.60000000000002,2.0050000000000003
474,0.082515921658174,65.2,782.4000000000001,6.5200000000000005
757,0.0822141763437132,94.1,1129.1999999999998,9.41
1253,0.08178597256365669,113.65,1363.8000000000002,11.365000000000002
534,0.0811978810457903,80.45,965.4000000000001,8.045
1100,0.08118844211962431,113.15,1357.8000000000002,11.315000000000001
109,0.07998287257731121,19.6,235.20000000000002,1.9600000000000002
140,0.07968728035965214,114.7,1376.4,11.47
414,0.07954698339835338,75.5,906.0,7.550000000000001
220,0.07949667863802584,95.8,1149.6,9.58
722,0.07944936012736667,18.95,227.39999999999998,1.895
376,0.0792023064739131,56.3,675.5999999999999,5.63
76,0.07911843893944871,111.1,1333.1999999999998,11.11
1041,0.07786618161250587,19.45,233.39999999999998,1.945
796,0.07779417671331054,70.1,841.1999999999999,7.01
547,0.07759331261324139,60.6,727.2,6.0600000000000005
181,0.07749920540892696,29.9,358.79999999999995,2.99
468,0.07693829494461656,19.3,231.60000000000002,1.9300000000000002
205,0.07686652172463486,93.15,1117.8000000000002,9.315000000000001
299,0.07625687698936964,45.9,550.8,4.59
563,0.07606564289505435,81.4,976.8000000000001,8.14
146,0.07604719645743885,19.6,235.20000000000002,1.9600000000000002
512,0.07596011679686795,92.05,1104.6,9.205
520,0.07588198531466825,19.5,234.0,1.9500000000000002
152,0.07574461449309962,99.4,1192.8000000000002,9.940000000000001
358,0.07557402355056357,115.85,1390.1999999999998,11.585
846,0.07547052998987391,20.4,244.79999999999998,2.04
306,0.07540335243027436,73.05,876.5999999999999,7.305
323,0.07529674833821776,20.3,243.60000000000002,2.0300000000000002
1176,0.07472992548449833,20.4,244.79999999999998,2.04
1302,0.0745524690788335,108.15,1297.8000000000002,10.815000000000001
432,0.07398839671907934,23.9,286.79999999999995,2.39
922,0.07370973891926641,59.9,718.8,5.99
1016,0.07348355083311928,54.25,651.0,5.425000000000001
203,0.07319116068756538,24.25,291.0,2.4250000000000003
436,0.07267321994598902,74.1,889.1999999999999,7.41
692,0.07249526403469664,20.45,245.39999999999998,2.045
792,0.07245792058680944,65.2,782.4000000000001,6.5200000000000005
223,0.07203249627085884,20.9,250.79999999999998,2.09
1077,0.07191713052053912,104.05,1248.6,10.405000000000001
915,0.07178286264592901,40.2,482.40000000000003,4.0200000000000005
1196,0.07157015408303712,79.0,948.0,7.9
397,0.07148681703424334,103.15,1237.8000000000002,10.315000000000001
772,0.07137768870422685,61.55,738.5999999999999,6.155
328,0.0712743385110296,81.2,974.4000000000001,8.120000000000001
313,0.0707597053615551,63.7,764.4000000000001,6.370000000000001
823,0.07073241415851625,80.65,967.8000000000001,8.065000000000001
667,0.0704670489565454,70.15,841.8000000000001,7.015000000000001
447,0.07016920770346649,72.35,868.1999999999999,7.234999999999999
1316,0.06982351710857046,89.45,1073.4,8.945
161,0.06973434896834829,74.85,898.1999999999999,7.484999999999999
1183,0.06940089511085452,84.25,1011.0,8.425
281,0.06912386752013233,20.1,241.20000000000002,2.0100000000000002
691,0.06876507474549656,94.95,1139.4,9.495000000000001
550,0.06849139499290585,18.95,227.39999999999998,1.895
1404,0.06800256576912941,87.2,1046.4,8.72
769,0.06781074154706772,80.85,970.1999999999999,8.084999999999999
1098,0.06733446860304323,40.25,483.0,4.025
1004,0.06718646010450706,84.25,1011.0,8.425
885,0.06680727534158294,58.55,702.5999999999999,5.855
808,0.06676416380642655,20.6,247.20000000000002,2.06
164,0.0665247026029205,95.2,1142.4,9.520000000000001
44,0.06651750440725962,65.4,784.8000000000001,6.540000000000001
841,0.06630815785800642,19.25,231.0,1.925
851,0.06595631798792029,75.75,909.0,7.575
620,0.06569149104720687,20.35,244.20000000000002,2.035
160,0.0654530649826284,104.05,1248.6,10.405000000000001
780,0.06543691772753432,90.55,1086.6,9.055
849,0.06508792997320949,67.5,810.0,6.75
690,0.06504884592335897,40.3,483.59999999999997,4.03
345,0.06440562768967932,98.3,1179.6,9.83
1258,0.06276202559935079,19.35,232.20000000000002,1.9350000000000003
985,0.06228154215624839,56.05,672.5999999999999,5.605
19,0.062133138801466516,35.4,424.79999999999995,3.54
1296,0.06159403758895778,68.7,824.4000000000001,6.870000000000001
1324,0.061502358386000024,19.55,234.60000000000002,1.955
767,0.06131866583426608,85.55,1026.6,8.555
57,0.06004083514442846,85.5,1026.0,8.55
1011,0.0599976826992021,44.1,529.2,4.41
649,0.05942508446388926,19.25,231.0,1.925
719,0.05941380894425544,18.9,226.79999999999998,1.89
242,0.05939410173787839,89.95,1079.4,8.995000000000001
1189,0.0591779281583598,51.45,617.4000000000001,5.1450000000000005
584,0.059066075258359566,54.9,658.8,5.49
1051,0.058984532960802284,115.15,1381.8000000000002,11.515
2,0.058464092387454106,78.35,940.1999999999999,7.835
643,0.05804180357623656,94.3,1131.6,9.43
531,0.05757116415360952,18.8,225.60000000000002,1.8800000000000001
513,0.05724489116852578,97.65,1171.8000000000002,9.765
768,0.057064376351069354,54.3,651.5999999999999,5.43
661,0.05662127341724503,19.9,238.79999999999998,1.99
1052,0.055913859915135436,72.9,874.8000000000001,7.290000000000001
294,0.05560161694975663,20.55,246.60000000000002,2.055
409,0.05548417675203242,35.45,425.40000000000003,3.5450000000000004
930,0.05536102508612182,109.55,1314.6,10.955
58,0.05435308060961876,40.9,490.79999999999995,4.09
367,0.05422586781156247,61.6,739.2,6.16
736,0.053642391218658436,53.65,643.8,5.365
702,0.05349406018921323,64.65,775.8000000000001,6.465000000000001
1353,0.05305289849012308,19.55,234.60000000000002,1.955
1076,0.05252567268980991,74.65,895.8000000000001,7.465000000000001
466,0.05194588378785732,60.3,723.5999999999999,6.03
395,0.05190772647266081,19.2,230.39999999999998,1.92
1174,0.05174779276011889,64.2,770.4000000000001,6.420000000000001
579,0.051526677432089274,50.05,600.5999999999999,5.005
636,0.05134476426103903,20.5,246.0,2.0500000000000003
74,0.05124967808557775,73.0,876.0,7.300000000000001
1170,0.05064765902698677,43.9,526.8,4.39
1218,0.04983161491710986,50.35,604.2,5.035
1079,0.049684467137984245,97.2,1166.4,9.72
516,0.049251255078788955,81.15,973.8000000000001,8.115
297,0.04921512520602929,19.0,228.0,1.9000000000000001
107,0.049160870382948016,64.3,771.5999999999999,6.43
391,0.048963324147824325,75.65,907.8000000000001,7.565000000000001
698,0.048723642285960336,38.55,462.59999999999997,3.855
1050,0.04868900505514008,60.8,729.5999999999999,6.08
675,0.04802984413246166,49.35,592.2,4.9350000000000005
312,0.04792663435190448,53.5,642.0,5.3500000000000005
724,0.04775635753890554,70.2,842.4000000000001,7.0200000000000005
778,0.047583084752723784,49.65,595.8,4.965
123,0.047004825385690216,45.05,540.5999999999999,4.505
1336,0.046933945074558905,40.55,486.59999999999997,4.055
333,0.04674265325043322,66.25,795.0,6.625
287,0.046636019499476336,99.0,1188.0,9.9
804,0.0465788796968816,81.15,973.8000000000001,8.115
1306,0.04537802596137845,54.95,659.4000000000001,5.495000000000001
1166,0.04526187410055353,54.45,653.4000000000001,5.445
1195,0.04516909721689428,19.25,231.0,1.925
696,0.04496392138170864,70.15,841.8000000000001,7.015000000000001
1044,0.04489130865733325,35.4,424.79999999999995,3.54
253,0.04488659434721267,84.1,1009.1999999999999,8.41
256,0.044854462686990205,20.2,242.39999999999998,2.02
951,0.04481689132615328,64.4,772.8000000000001,6.440000000000001
832,0.04475738638320106,64.4,772.8000000000001,6.440000000000001
861,0.0446214866201077,59.0,708.0,5.9
546,0.04460674446414471,66.4,796.8000000000001,6.640000000000001
1184,0.04421161206052167,21.2,254.39999999999998,2.12
642,0.04386422882988948,110.9,1330.8000000000002,11.090000000000002
1245,0.04386391299642287,89.7,1076.4,8.97
1400,0.043691909383779544,35.8,429.59999999999997,3.58
166,0.043399628701796436,55.0,660.0,5.5
1145,0.04337365798004196,95.5,1146.0,9.55
931,0.04321077865356791,60.35,724.2,6.035
1272,0.04302928008007488,109.75,1317.0,10.975000000000001
251,0.04272125945963899,18.85,226.20000000000002,1.8850000000000002
1389,0.042410780927787016,69.05,828.5999999999999,6.905
868,0.042215093240641786,69.35,832.1999999999999,6.935
406,0.04215213186169979,19.85,238.20000000000002,1.9850000000000003
838,0.04170281609706771,53.7,644.4000000000001,5.370000000000001
599,0.041310416705569925,19.9,238.79999999999998,1.99
283,0.04109598962935053,19.65,235.79999999999998,1.9649999999999999
1003,0.04073471179695236,114.9,1378.8000000000002,11.490000000000002
1262,0.04055602940112311,25.0,300.0,2.5
202,0.04022166833056871,20.25,243.0,2.025
840,0.03997556425218466,26.2,314.4,2.62
1261,0.0394545653619847,36.1,433.20000000000005,3.6100000000000003
637,0.03941732416054185,20.25,243.0,2.025
836,0.039334494390198586,68.45,821.4000000000001,6.845000000000001
848,0.039221287570642964,53.65,643.8,5.365
143,0.03911673423638815,49.4,592.8,4.94
1392,0.03907763728029565,88.15,1057.8000000000002,8.815000000000001
1054,0.0388985990321423,60.25,723.0,6.025
61,0.03867680410377124,20.4,244.79999999999998,2.04
1096,0.0384300037869927,92.15,1105.8000000000002,9.215000000000002
303,0.03792611104069502,70.8,849.5999999999999,7.08
393,0.037781810187247786,35.8,429.59999999999997,3.58
